episode,reward,hits,length,surrogate_before,surrogate_after,kl,entropy,grad_norm
1,-100.0,0,116,0.00109557481482625,0.010399996303021908,0.0004659258993342519,1.0968421697616577,0.19089597463607788
2,0.0,1,187,0.0010972172021865845,0.008833943866193295,0.0005772893782705069,1.096571683883667,0.15214978158473969
3,-100.0,0,116,0.0010961617808789015,0.017387524247169495,0.0008446218562312424,1.096747636795044,0.35982373356819153
4,-100.0,0,116,0.0010966621339321136,0.0063542649149894714,0.0004669652262236923,1.095901370048523,0.07706385105848312
5,-100.0,0,116,0.001096168882213533,0.009985584765672684,0.0007447320385836065,1.0950521230697632,0.22813336551189423
6,-100.0,0,43,0.0010919580236077309,0.018515270203351974,0.0007512319134548306,1.091071605682373,0.6019681096076965
7,-100.0,0,43,0.0010911317076534033,0.02026798576116562,0.0008590610232204199,1.0906919240951538,0.6252474784851074
8,-100.0,0,43,0.0010909241391345859,0.01513155922293663,0.0007645293953828514,1.0866284370422363,0.3610883355140686
9,-100.0,0,43,0.0010867874370887876,0.01444200798869133,0.0007581918616779149,1.084892749786377,0.29246097803115845
10,0.0,1,187,0.0010872262064367533,0.009404143318533897,0.0005357857444323599,1.0879203081130981,0.11646797508001328
11,-100.0,0,43,0.0010850977851077914,0.016039526090025902,0.0008068265160545707,1.0794299840927124,0.6069105863571167
12,-100.0,0,116,0.0010850511025637388,0.013155083172023296,0.0007341455202549696,1.0826226472854614,0.2815004587173462
13,-100.0,0,43,0.001077572931535542,0.013884986750781536,0.0004046688845846802,1.073284387588501,0.27325186133384705
14,-100.0,0,116,0.001077434979379177,0.013619535602629185,0.0006967555382288992,1.0746521949768066,0.19120869040489197
15,0.0,1,187,0.001076540327630937,0.010597537271678448,0.0007920635980553925,1.0810540914535522,0.25597479939460754
16,-100.0,0,116,0.0010798018192872405,0.018582765012979507,0.0009236074984073639,1.0839301347732544,0.46740126609802246
17,-100.0,0,116,0.0010884384391829371,0.010230458341538906,0.0008013327023945749,1.0867974758148193,0.24752436578273773
18,-100.0,0,43,0.001081459573470056,0.00531337596476078,0.00042027365998364985,1.081673502922058,0.12798532843589783
19,-100.0,0,43,0.0010708230547606945,0.014394309371709824,0.0005405576666817069,1.0675008296966553,0.41526368260383606
20,-100.0,0,116,0.00108419731259346,0.010167913511395454,0.0006681883824057877,1.081896424293518,0.1590627133846283
21,-100.0,0,116,0.0010811759857460856,0.01439768634736538,0.0007653766078874469,1.0838196277618408,0.2172289341688156
22,-100.0,0,43,0.0010761332232505083,0.011977382004261017,0.0007146507850848138,1.0695499181747437,0.4205683767795563
23,-100.0,0,116,0.001079140231013298,0.013838356360793114,0.0007909542182460427,1.0783812999725342,0.25158601999282837
24,-100.0,0,116,0.0010784307960420847,0.009983419440686703,0.000725238467566669,1.0783743858337402,0.19552575051784515
25,-100.0,0,43,0.0010633529163897038,0.020436622202396393,0.0007411067490465939,1.0622979402542114,0.6555523872375488
26,-100.0,0,43,0.0010597379878163338,0.0065979422070086,0.0008210155065171421,1.0522621870040894,0.18757620453834534
27,-100.0,0,116,0.0010792796965688467,0.010574353858828545,0.0006422303849831223,1.0831018686294556,0.2198730856180191
28,-100.0,0,116,0.0010810778476297855,0.014948779717087746,0.0007618889212608337,1.0754892826080322,0.36530131101608276
29,-100.0,0,43,0.0010558199137449265,0.010049224831163883,0.0007420072215609252,1.045406699180603,0.40394264459609985
30,-100.0,0,43,0.00105438067112118,0.020849337801337242,0.0008946071611717343,1.06065833568573,0.5048195123672485
31,-100.0,0,43,0.0010613478953018785,0.015138409100472927,0.0008059449028223753,1.0515066385269165,0.47370555996894836
32,-100.0,0,116,0.0010609208839014173,0.014094277285039425,0.0008371031144633889,1.0570759773254395,0.33609631657600403
33,0.0,1,260,0.0010595162166282535,0.0075754872523248196,0.0005353183951228857,1.0584791898727417,0.09568878263235092
34,0.0,1,187,0.0010570472804829478,0.00988895632326603,0.0006303971749730408,1.0621020793914795,0.24095800518989563
35,-100.0,0,116,0.001066130120307207,0.010899978689849377,0.000834160833619535,1.0571686029434204,0.29324907064437866
36,-100.0,0,43,0.0010316172847524285,0.012634305283427238,0.0008362341905012727,1.040157437324524,0.3863707482814789
37,-100.0,0,116,0.0010624530259519815,0.012534192763268948,0.0007580163073725998,1.0604870319366455,0.22128506004810333
38,0.0,1,187,0.001060331822372973,0.0064872563816607,0.00045162701280787587,1.0614985227584839,0.07767507433891296
39,-100.0,0,116,0.0010583361145108938,0.015828652307391167,0.0007710910285823047,1.0636684894561768,0.39688438177108765
40,-100.0,0,43,0.0010537810157984495,0.015470585785806179,0.0008878330118022859,1.0449814796447754,0.582404613494873
41,0.0,1,187,0.0010676048696041107,0.00824275054037571,0.0004969608853571117,1.0678510665893555,0.0860569030046463
42,-100.0,0,116,0.001058219000697136,0.01269838772714138,0.000660587742459029,1.0593979358673096,0.21293766796588898
43,-100.0,0,43,0.0010449381079524755,0.017902344465255737,0.0009251764276996255,1.049306035041809,0.45882219076156616
44,-100.0,0,116,0.0010571054881438613,0.0103164566680789,0.0006801711861044168,1.0598552227020264,0.1831674724817276
45,-100.0,0,43,0.001049115788191557,0.016736583784222603,0.000931287242565304,1.05863618850708,0.5938565731048584
46,-100.0,0,116,0.0010723215527832508,0.013471514917910099,0.0006838443223387003,1.0732252597808838,0.25017353892326355
47,-100.0,0,43,0.001075392123311758,0.009193439967930317,0.0007941669318825006,1.0715173482894897,0.3350038528442383
48,-100.0,0,43,0.0010678772814571857,0.012423449195921421,0.0007605880382470787,1.0660995244979858,0.2299414426088333
49,-100.0,0,116,0.0010662754066288471,0.008697320707142353,0.000645102234557271,1.0699574947357178,0.1487841010093689
50,-100.0,0,43,0.001066761207766831,0.010551782324910164,0.000875028083100915,1.0598329305648804,0.30982956290245056
51,-100.0,0,43,0.001059125643223524,0.017513513565063477,0.000907307374291122,1.0584428310394287,0.36040225625038147
52,-100.0,0,43,0.0010602263500913978,0.02004319056868553,0.0008633038960397243,1.0571730136871338,0.43307510018348694
53,-100.0,0,43,0.0010546055855229497,0.0164487361907959,0.0008305896772071719,1.0575525760650635,0.5295076966285706
54,0.0,1,187,0.0010632078628987074,0.007757054641842842,0.0004911097348667681,1.0634889602661133,0.08892723172903061
55,-100.0,0,116,0.001064768643118441,0.012138118036091328,0.0007911280263215303,1.061347246170044,0.3299350440502167
56,-100.0,0,116,0.0010630660690367222,0.007992834784090519,0.0006289362790994346,1.061450719833374,0.19098326563835144
57,-100.0,0,43,0.0010764842154458165,0.010311856865882874,0.00024431388010270894,1.0796279907226562,0.33586692810058594
58,0.0,1,187,0.0010607539443299174,0.012220285832881927,0.0007085819379426539,1.0592290163040161,0.3280143439769745
59,-100.0,0,116,0.001053891028277576,0.013721647672355175,0.0008282276103273034,1.0571527481079102,0.2940157353878021
60,0.0,1,260,0.0010563981486484408,0.009603175334632397,0.0005579902790486813,1.0559756755828857,0.13561496138572693
61,-100.0,0,116,0.00106979685369879,0.012451925314962864,0.000726186262909323,1.070875883102417,0.18917222321033478
62,-100.0,0,43,0.0010870638070628047,0.011766858398914337,0.0004536065098363906,1.0882327556610107,0.23631031811237335
63,0.0,1,187,0.001067412900738418,0.006863151676952839,0.0006011029472574592,1.067610502243042,0.09098095446825027
64,-100.0,0,116,0.0010775270638987422,0.010255541652441025,0.0007175847422331572,1.078434705734253,0.15589608252048492
65,100.0,2,331,0.0010747290216386318,0.007970187813043594,0.0006595104932785034,1.074425220489502,0.16375523805618286
66,0.0,1,187,0.001071048667654395,0.01016910094767809,0.0006473629618994892,1.067723035812378,0.24274101853370667
67,-100.0,0,116,0.0010813636472448707,0.013272909447550774,0.0009280008380301297,1.0863542556762695,0.39761853218078613
68,-100.0,0,43,0.0010720372665673494,0.019145522266626358,0.0008130358764901757,1.072689175605774,0.3575352728366852
69,-100.0,0,43,0.0010710889473557472,0.020236924290657043,0.0009063502075150609,1.0658971071243286,0.3975675702095032
70,0.0,1,260,0.0010715877870097756,0.011105403304100037,0.0006617236067540944,1.070196509361267,0.17074812948703766
71,-100.0,0,43,0.0010621286928653717,0.019505418837070465,0.000986461527645588,1.0604100227355957,0.5450068116188049
72,0.0,1,260,0.0010691320057958364,0.010053334757685661,0.0006311556207947433,1.0671199560165405,0.1448080837726593
73,-100.0,0,43,0.0010690330527722836,0.01259465143084526,0.0005556377000175416,1.0671839714050293,0.5066021084785461
74,0.0,1,260,0.001056400127708912,0.00680979760363698,0.0004190462059341371,1.0557835102081299,0.10258755087852478
75,-100.0,0,43,0.0010594126069918275,0.018963543698191643,0.0008813169552013278,1.055522084236145,0.6658963561058044
76,-100.0,0,43,0.0010535907931625843,0.019603610038757324,0.0009848532499745488,1.0578396320343018,0.7502425312995911
77,-100.0,0,43,0.0010555697372183204,0.011470180936157703,0.0008069993345998228,1.0596753358840942,0.40371572971343994
78,0.0,1,260,0.0010732621885836124,0.007457786705344915,0.0007360972813330591,1.073522925376892,0.21606042981147766
79,-100.0,0,116,0.0010750381043180823,0.012787651270627975,0.0007848666282370687,1.0728676319122314,0.3208390176296234
80,-100.0,0,43,0.0010723363375291228,0.014706876128911972,0.0006192857981659472,1.0704964399337769,0.3434069752693176
81,0.0,1,187,0.0010711158392950892,0.01035309862345457,0.0006319075473584235,1.075516939163208,0.2261214554309845
82,0.0,1,260,0.0010659861145541072,0.008205313235521317,0.000642714905552566,1.0668586492538452,0.12779730558395386
83,-100.0,0,116,0.0010500502539798617,0.018514780327677727,0.0008388473652303219,1.0486681461334229,0.40313971042633057
84,-100.0,0,116,0.0010432064300403,0.02059982530772686,0.0008140834397636354,1.0467767715454102,0.5708181262016296
85,0.0,1,260,0.001052464242093265,0.01119678933173418,0.0006992116686888039,1.055284023284912,0.34326839447021484
86,-100.0,0,116,0.0010384325869381428,0.016883477568626404,0.0008503758581355214,1.0405079126358032,0.29387015104293823
87,-100.0,0,43,0.0010652944911271334,0.016556493937969208,0.0007548162247985601,1.0571751594543457,0.778313934803009
88,0.0,1,187,0.0010694307275116444,0.007815352641046047,0.0005709887482225895,1.071336030960083,0.20216235518455505
89,-100.0,0,43,0.001059953821823001,0.023264829069375992,0.0009119443129748106,1.0521445274353027,0.721331000328064
90,0.0,1,187,0.001066440250724554,0.012904978357255459,0.0007727187476120889,1.065872311592102,0.47516414523124695
91,-100.0,0,43,0.0010668454924598336,0.008086707442998886,0.00024174236750695854,1.0675013065338135,0.38746172189712524
92,-100.0,0,116,0.001059050322510302,0.013012588955461979,0.0007616513757966459,1.0588310956954956,0.30191221833229065
93,0.0,1,260,0.001054166816174984,0.00660950830206275,0.0004970637965016067,1.0573768615722656,0.16830013692378998
94,200.0,3,548,0.0010390327079221606,0.006620037369430065,0.0005486548179760575,1.036028504371643,0.1362280398607254
95,-100.0,0,116,0.001021109172143042,0.014974408783018589,0.000728218350559473,1.0187857151031494,0.5136693716049194
96,100.0,2,331,0.0010532070882618427,0.012984255328774452,0.0007117029745131731,1.0546905994415283,0.21131330728530884
97,-100.0,0,43,0.001053852727636695,0.011752150021493435,0.0003181877837050706,1.0569758415222168,0.5389143824577332
98,-100.0,0,43,0.0010775728151202202,0.016186125576496124,0.0006771418848074973,1.0712896585464478,0.819139838218689
99,-100.0,0,116,0.0009864962194114923,0.01645413227379322,0.0008868473814800382,0.9881582856178284,0.41844668984413147
100,-100.0,0,116,0.001071707927621901,0.009955178946256638,0.000717931950930506,1.071793556213379,0.19669197499752045
101,-100.0,0,116,0.001060349983163178,0.013947599567472935,0.0008997811819426715,1.0647350549697876,0.39817318320274353
102,-100.0,0,116,0.0010709858033806086,0.014537137933075428,0.0007209884934127331,1.067870855331421,0.2284052073955536
103,0.0,1,260,0.0010164235718548298,0.009517279453575611,0.0007511840667575598,1.0168774127960205,0.19656367599964142
104,-100.0,0,43,0.001014301786199212,0.017146971076726913,0.0008333348669111729,1.0216169357299805,0.5182045102119446
105,-100.0,0,116,0.0010752814123407006,0.013607191853225231,0.0007016006275080144,1.073042869567871,0.451233446598053
106,-100.0,0,116,0.0010662772692739964,0.011206602677702904,0.0008419518708251417,1.0606164932250977,0.3348463177680969
107,100.0,2,331,0.0010331666562706232,0.007286216132342815,0.0004707888583652675,1.0333151817321777,0.12131410092115402
108,-100.0,0,43,0.0010746215702965856,0.01842038333415985,0.0009646756225265563,1.0760860443115234,0.8171594142913818
109,100.0,2,404,0.0010261011775583029,0.008920460008084774,0.0007722938316874206,1.0297236442565918,0.27820640802383423
110,-100.0,0,116,0.0010631497716531157,0.01297229714691639,0.0006238048663362861,1.0631589889526367,0.23994530737400055
111,0.0,1,260,0.0010634581558406353,0.00685669993981719,0.0004526770790107548,1.0636695623397827,0.170618936419487
112,-100.0,0,43,0.0010766341583803296,0.018053501844406128,0.000979089643806219,1.0785478353500366,0.7286115288734436
113,-100.0,0,43,0.0010801866883412004,0.02883940562605858,0.0009220496285706758,1.0728081464767456,0.8689250349998474
114,0.0,1,187,0.001038284506648779,0.012627740390598774,0.0007561281090602279,1.0382750034332275,0.40644919872283936
115,-100.0,0,43,0.0010736333206295967,0.014497511088848114,0.0008553244988434017,1.0708063840866089,0.6564416289329529
116,-100.0,0,116,0.0010498824995011091,0.012327028438448906,0.0008561793365515769,1.0481140613555908,0.28458845615386963
117,-100.0,0,116,0.001063391100615263,0.014198079705238342,0.0007645937148481607,1.064112901687622,0.3532099425792694
118,-100.0,0,116,0.00106164684984833,0.018420398235321045,0.0008865197887644172,1.0569576025009155,0.46851933002471924
119,0.0,1,187,0.0010396451689302921,0.008663801476359367,0.0006793579668737948,1.0348833799362183,0.2556513249874115
120,-100.0,0,116,0.0010544228134676814,0.012088188901543617,0.0007026679813861847,1.0538098812103271,0.35257861018180847
121,0.0,1,260,0.0010430050315335393,0.007660445757210255,0.0006243219249881804,1.0478477478027344,0.17180022597312927
122,200.0,3,548,0.0010359337320551276,0.006049592979252338,0.0004946747212670743,1.039779782295227,0.09809818118810654
123,-100.0,0,43,0.0010601035319268703,0.017564069479703903,0.0008328348048962653,1.0640864372253418,0.9543266892433167
124,-100.0,0,43,0.0010227661114186049,0.00785006396472454,0.000750842213165015,1.0350346565246582,0.32670825719833374
125,-100.0,0,43,0.0010630631586536765,0.012055138126015663,0.0007962904055602849,1.0638829469680786,0.5154287219047546
126,0.0,1,260,0.001032569445669651,0.010832877829670906,0.0005824465188197792,1.0294532775878906,0.3172014653682709
127,0.0,1,260,0.0010173412738367915,0.014355301856994629,0.000816882646176964,1.0253363847732544,0.3229426145553589
128,-100.0,0,43,0.0010678248945623636,0.017123183235526085,0.0006696641794405878,1.0683366060256958,0.5042811632156372
129,-100.0,0,43,0.001063091796822846,0.019875889644026756,0.0008175316033884883,1.0545471906661987,0.5355353951454163
130,-100.0,0,116,0.0010560709051787853,0.011289464309811592,0.0005579813150689006,1.0558444261550903,0.32573556900024414
131,-100.0,0,43,0.0010601014364510775,0.013176464475691319,0.0007970645092427731,1.0684372186660767,0.32834136486053467
132,-100.0,0,116,0.0010609376477077603,0.015961363911628723,0.000789451994933188,1.0659247636795044,0.2911548912525177
133,-100.0,0,43,0.0010497730690985918,0.016378825530409813,0.0009296087664552033,1.0489317178726196,0.5247865915298462
134,100.0,2,404,0.0010635505896061659,0.00652643758803606,0.0005020012613385916,1.0633628368377686,0.08844533562660217
135,-100.0,0,43,0.001053181360475719,0.015741292387247086,0.0004468702245503664,1.0547908544540405,0.22629700601100922
136,-100.0,0,116,0.00101183180231601,0.015984201803803444,0.0007581370300613344,1.004650354385376,0.39102986454963684
137,-100.0,0,116,0.0010503114899620414,0.009866392239928246,0.0006971139227971435,1.0561648607254028,0.23163281381130219
138,-100.0,0,116,0.001071937382221222,0.011675620451569557,0.0007898780168034136,1.072954535484314,0.2709975838661194
139,-100.0,0,116,0.0010669771581888199,0.01655515842139721,0.000853644625749439,1.0632911920547485,0.6664243340492249
140,-100.0,0,116,0.001032034633681178,0.018600942566990852,0.0009276920463889837,1.0329546928405762,0.4931577742099762
141,-100.0,0,116,0.0010774594265967607,0.006731531582772732,0.0007233605720102787,1.080193281173706,0.10990148782730103
142,200.0,3,475,0.0010577401844784617,0.0070625352673232555,0.0006438652635551989,1.0626295804977417,0.16189616918563843
143,-100.0,0,116,0.001065524062141776,0.017418764531612396,0.0007880210760049522,1.0650134086608887,0.31778332591056824
144,-100.0,0,116,0.001086695701815188,0.017358068376779556,0.0008944677538238466,1.0860040187835693,0.4616399109363556
145,0.0,1,187,0.0010675396770238876,0.01342654600739479,0.0008240402676165104,1.0632364749908447,0.46300315856933594
146,-100.0,0,43,0.0010742564918473363,0.017708932980895042,0.0009095523273572326,1.0764203071594238,0.7282916307449341
147,-100.0,0,43,0.0010766149498522282,0.013134993612766266,0.0008186802151612937,1.0746265649795532,0.3522969186306
148,0.0,1,187,0.0010811842512339354,0.006588947959244251,0.0004235376254655421,1.080255389213562,0.300805002450943
149,0.0,1,187,0.0010694849770516157,0.008086888119578362,0.0008111723582260311,1.0693877935409546,0.2183188796043396
150,100.0,2,404,0.0010573402978479862,0.00881351437419653,0.0005644568591378629,1.0609683990478516,0.17257854342460632
151,-100.0,0,116,0.0010548625141382217,0.014713257551193237,0.0009002977749332786,1.0503510236740112,0.41248536109924316
152,-100.0,0,116,0.0010439835023134947,0.011729257181286812,0.00071803416358307,1.047796607017517,0.2338293194770813
153,-100.0,0,43,0.001066513592377305,0.02104788087308407,0.0009246170520782471,1.074899673461914,0.9241030812263489
154,200.0,3,548,0.0010663802968338132,0.005478044971823692,0.0005964920856058598,1.0660574436187744,0.11196893453598022
155,100.0,2,404,0.0010641718981787562,0.010901892557740211,0.0007804071647115052,1.0688008069992065,0.25958582758903503
156,-100.0,0,43,0.0010405833600088954,0.010987475514411926,0.0008001928799785674,1.0377633571624756,0.27060654759407043
157,-100.0,0,116,0.0010491098510101438,0.014721602201461792,0.0008848609868437052,1.043291449546814,0.3949756622314453
158,0.0,1,260,0.0010627349838614464,0.009870908223092556,0.0006650975556112826,1.0635591745376587,0.25493961572647095
159,-100.0,0,43,0.0010275361128151417,0.026243651285767555,0.0009544921340420842,1.0340529680252075,1.2016115188598633
160,-100.0,0,43,0.0010375893907621503,0.01051715761423111,0.000535574508830905,1.038438320159912,0.313949316740036
161,0.0,1,260,0.0010561019880697131,0.011112323962152004,0.0008015821222215891,1.0540525913238525,0.35050109028816223
162,-100.0,0,43,0.0010320887668058276,0.019727064296603203,0.0008981208084151149,1.0332996845245361,0.8731679916381836
163,-100.0,0,43,0.001053724205121398,0.017538750544190407,0.0008567498880438507,1.0612151622772217,0.32488498091697693
164,0.0,1,260,0.0010552476160228252,0.010331546887755394,0.0007508760318160057,1.0594325065612793,0.2623153626918793
165,100.0,2,404,0.0010735936230048537,0.006554867140948772,0.0005810433649457991,1.0743086338043213,0.14438839256763458
166,0.0,1,187,0.0010587719734758139,0.008655437268316746,0.0006108489469625056,1.0580554008483887,0.19471704959869385
167,-100.0,0,116,0.0010442972416058183,0.01756969653069973,0.0007588820881210268,1.046966314315796,0.4882557690143585
168,-100.0,0,116,0.0010586007265374064,0.012252760119736195,0.000780995178502053,1.0591744184494019,0.3422757387161255
169,-100.0,0,43,0.0010752871166914701,0.014500780031085014,0.0006482412572950125,1.077993392944336,0.8907979726791382
170,-100.0,0,116,0.0010479646734893322,0.019285526126623154,0.0008757000323385,1.045433521270752,0.38623085618019104
171,-100.0,0,43,0.0010738272685557604,0.014172191731631756,0.0007229979382827878,1.0768040418624878,0.5327032208442688
172,-100.0,0,43,0.0010447471868246794,0.022802088409662247,0.0007906928658485413,1.0395179986953735,1.12125825881958
173,-100.0,0,43,0.0010742370504885912,0.0160673838108778,0.0006850408972240984,1.0765599012374878,0.6083576083183289
174,-100.0,0,43,0.001029060804285109,0.016958830878138542,0.000684393395204097,1.0306037664413452,0.4456385672092438
175,0.0,1,260,0.001039117923937738,0.010158444754779339,0.000718381954357028,1.0360915660858154,0.3606094717979431
176,-100.0,0,43,0.0010675601661205292,0.013783549889922142,0.0008427551947534084,1.066825270652771,0.5974975824356079
177,-100.0,0,116,0.0010652045020833611,0.013171623460948467,0.0008864370174705982,1.0681157112121582,0.4551110863685608
178,-100.0,0,43,0.0010101338848471642,0.01839374378323555,0.0006460387376137078,1.0180145502090454,1.2357956171035767
179,-100.0,0,116,0.0010494665475562215,0.012263879179954529,0.0006462132441811264,1.0516211986541748,0.18514013290405273
180,-100.0,0,116,0.0010449957335367799,0.011965446174144745,0.0005546784377656877,1.041193962097168,0.2335708737373352
181,-100.0,0,43,0.001048922655172646,0.008755289018154144,0.0008657709113322198,1.0443953275680542,0.21854621171951294
182,-100.0,0,116,0.0010299900313839316,0.013738378882408142,0.0008093276410363615,1.0221621990203857,0.24167224764823914
183,0.0,1,260,0.001040570205077529,0.005179722793400288,0.0003508488880470395,1.0401638746261597,0.17442497611045837
184,100.0,2,404,0.0010313988896086812,0.006332029588520527,0.0005554768140427768,1.027238130569458,0.16667233407497406
185,-100.0,0,116,0.0010089511051774025,0.012119004502892494,0.0006781098782084882,1.0162824392318726,0.23595939576625824
186,-100.0,0,116,0.0010454084258526564,0.01418291125446558,0.0008689029491506517,1.0514203310012817,0.3006243109703064
187,0.0,1,260,0.001051342929713428,0.009777034632861614,0.0006298635271377861,1.0501059293746948,0.2215883731842041
188,-100.0,0,43,0.0010489728301763535,0.01791081577539444,0.0009279201622121036,1.0457383394241333,0.9426481127738953
189,-100.0,0,43,0.0010398977901786566,0.010773023590445518,0.00085240020416677,1.0438779592514038,0.5157757997512817
190,-100.0,0,116,0.00102174689527601,0.015518348664045334,0.0008652646793052554,1.0150001049041748,0.687613844871521
191,-100.0,0,116,0.0009782803244888783,0.01351806428283453,0.0008701301994733512,0.9729203581809998,0.433265745639801
192,-100.0,0,43,0.0010348506039008498,0.019559221342206,0.0009399999980814755,1.0479984283447266,0.6628021001815796
193,-100.0,0,116,0.0010201575933024287,0.014509803615510464,0.0008620568551123142,1.0147846937179565,0.7419049739837646
194,-100.0,0,116,0.000986623577773571,0.010184024460613728,0.0006892435485497117,0.9859371781349182,0.30058249831199646
195,-100.0,0,43,0.0010487665422260761,0.022581150755286217,0.0008161751320585608,1.0509374141693115,1.1727803945541382
196,-100.0,0,43,0.0010447838576510549,0.01878088340163231,0.0008321719942614436,1.0462355613708496,0.9460208415985107
197,0.0,1,260,0.0010168562876060605,0.006130759604275227,0.000518304412253201,1.0142481327056885,0.09193328768014908
198,-100.0,0,43,0.0010548116406425834,0.02935381792485714,0.0009033487876877189,1.0518856048583984,1.0821946859359741
199,300.0,4,692,0.001036746776662767,0.007566957268863916,0.000789401528891176,1.0371379852294922,0.23148083686828613
200,-100.0,0,116,0.0009952378459274769,0.019208423793315887,0.0008977925172075629,0.9969342947006226,0.449891597032547
201,-100.0,0,43,0.0010605321731418371,0.013619842007756233,0.0009029642678797245,1.0552222728729248,0.5114085078239441
202,-100.0,0,116,0.000985016580671072,0.02107281982898712,0.0007890677661634982,0.9768081307411194,0.4539761245250702
203,-100.0,0,116,0.0010114010656252503,0.008400913327932358,0.0005676154396496713,1.0135295391082764,0.27165141701698303
204,0.0,1,260,0.0010184473358094692,0.009128051809966564,0.0007687743054702878,1.0120017528533936,0.2430860549211502
205,-100.0,0,43,0.0010226517915725708,0.019388867542147636,0.0009589193505235016,1.0334047079086304,0.867768406867981
206,-100.0,0,116,0.0010177865624427795,0.018757466226816177,0.000973809917923063,1.0114785432815552,0.9995275139808655
207,200.0,3,548,0.0010061507346108556,0.006930366158485413,0.000615644094068557,1.0028077363967896,0.20857757329940796
208,-100.0,0,116,0.0009341069380752742,0.018524175509810448,0.0009810721967369318,0.9373313188552856,0.4741697609424591
209,-100.0,0,43,0.001034461660310626,0.013765430077910423,0.0007743934984318912,1.0275599956512451,0.5758388638496399
210,-100.0,0,116,0.0009996074950322509,0.012690437957644463,0.000734436500351876,1.0049774646759033,0.381035178899765
211,-100.0,0,43,0.0010284222662448883,0.02032237872481346,0.0009142461931332946,1.030556321144104,1.1008483171463013
212,200.0,3,475,0.0009947058279067278,0.009863508865237236,0.000552227720618248,0.9925499558448792,0.2216176688671112
213,-100.0,0,116,0.0009883627062663436,0.011561083607375622,0.0009117781883105636,0.9889920353889465,0.4057883024215698
214,-100.0,0,43,0.0010226063895970583,0.021752938628196716,0.0009061404853127897,1.022239327430725,1.2750335931777954
215,-100.0,0,116,0.000940464437007904,0.010154090821743011,0.0007047128165140748,0.9342175722122192,0.2943520247936249
216,-100.0,0,116,0.0009414155501872301,0.008584489114582539,0.0007369569502770901,0.9329447150230408,0.2564154267311096
217,-100.0,0,43,0.001011925982311368,0.02087710238993168,0.0007780877640470862,1.016125202178955,0.5641351938247681
218,200.0,3,548,0.0009456861298531294,0.01042412593960762,0.000803373521193862,0.9447982907295227,0.21893693506717682
219,-100.0,0,43,0.0009988576639443636,0.009836492128670216,0.00041446677641943097,0.9940425157546997,0.4089188873767853
220,-100.0,0,116,0.0010188801679760218,0.0035735347773879766,0.0008680938044562936,1.0211507081985474,0.13816416263580322
221,-100.0,0,43,0.0010122020030394197,0.028061706572771072,0.0009278919897042215,1.01859712600708,1.312585473060608
222,-100.0,0,116,0.0010190026368945837,0.011980896815657616,0.0007555583724752069,1.0247231721878052,0.38643336296081543
223,0.0,1,187,0.0009781073313206434,0.008164930157363415,0.0006878214189782739,0.9697364568710327,0.29620277881622314
224,-100.0,0,116,0.0009359595715068281,0.014065615832805634,0.0008534045773558319,0.9425378441810608,0.4520609378814697
225,-100.0,0,43,0.0010135481134057045,0.011209141463041306,0.0007601245306432247,1.0032676458358765,0.4339914321899414
226,-100.0,0,43,0.0009699731017462909,0.01681484654545784,0.0008842796087265015,0.9637866616249084,0.7817856669425964
227,-100.0,0,116,0.0009778821840882301,0.015384205617010593,0.0008839789661578834,0.979779839515686,0.52224200963974
228,-100.0,0,43,0.001038055750541389,0.01217164658010006,0.0005985787138342857,1.0286133289337158,0.7527424693107605
229,-100.0,0,116,0.00102898885961622,0.00715518556535244,0.0007561061065644026,1.0300053358078003,0.32884475588798523
230,-100.0,0,43,0.0010157858487218618,0.015391192398965359,0.0008734645671211183,1.0152521133422852,0.7868973612785339
231,-100.0,0,43,0.001006755162961781,0.019417529925704002,0.0009397590765729547,1.00727379322052,0.669447660446167
232,0.0,1,187,0.000944581173826009,0.01670091599225998,0.0007835978758521378,0.94560307264328,0.4975365698337555
233,-100.0,0,116,0.0009186637471430004,0.009971202351152897,0.0006317007937468588,0.916678786277771,0.29265639185905457
234,-100.0,0,116,0.001030139857903123,0.008434937335550785,0.0007440203335136175,1.0326907634735107,0.25382640957832336
235,-100.0,0,116,0.0009338135714642704,0.0135856494307518,0.0008468999294564128,0.9344711303710938,0.5400028228759766
236,0.0,1,187,0.0009577118325978518,0.012503457255661488,0.0006539487512782216,0.952584981918335,0.275326132774353
237,-100.0,0,116,0.0010184557177126408,0.008942770771682262,0.00059272232465446,1.0135847330093384,0.2900792360305786
238,200.0,3,475,0.000957756768912077,0.009012667462229729,0.0006679453072138131,0.9505136609077454,0.36474713683128357
239,-100.0,0,43,0.001006402657367289,0.023423820734024048,0.0008950739284045994,1.0050201416015625,0.8798424601554871
240,-100.0,0,43,0.000991797773167491,0.02139652892947197,0.0008811205043457448,0.9865310788154602,0.7756655812263489
241,-100.0,0,116,0.0009071545791812241,0.014919666573405266,0.0007809401722624898,0.8989911675453186,0.35241079330444336
242,-100.0,0,116,0.0008946683956310153,0.008060881868004799,0.0004954488831572235,0.8949737548828125,0.1036519706249237
243,-100.0,0,116,0.0009450934012420475,0.007842236198484898,0.0007257774705067277,0.9416936635971069,0.18644383549690247
244,-100.0,0,116,0.0010389599483460188,0.01673271879553795,0.0008610001532360911,1.0334724187850952,0.8759503364562988
245,-100.0,0,43,0.0010376821737736464,0.013930101878941059,0.0008499933173879981,1.0308226346969604,0.7279879450798035
246,-100.0,0,43,0.0008336924947798252,0.014410067349672318,0.000769135367590934,0.8278884291648865,0.6554707288742065
247,-100.0,0,43,0.001018401118926704,0.01319657638669014,0.0004844687064178288,1.0203461647033691,0.34124845266342163
248,-100.0,0,116,0.000991201028227806,0.009392622858285904,0.0006603715592063963,0.9831352233886719,0.12643317878246307
249,-100.0,0,116,0.0009788363240659237,0.010433736257255077,0.0007060985662974417,0.984806478023529,0.3428424894809723
250,-100.0,0,43,0.001014434965327382,0.011888467706739902,0.0006789767649024725,1.0234522819519043,0.4828985035419464
251,-100.0,0,116,0.0009731089812703431,0.011185791343450546,0.0007922642980702221,0.974824070930481,0.3609994351863861
252,100.0,2,331,0.0008908765157684684,0.008361629210412502,0.0005382705712690949,0.8931014537811279,0.18307003378868103
253,-100.0,0,116,0.000974979717284441,0.008457263000309467,0.000680429395288229,0.9687539935112,0.3369063436985016
254,-100.0,0,43,0.0009556760778650641,0.02053048089146614,0.0008908918243832886,0.955889880657196,0.7682738304138184
255,-100.0,0,116,0.0009052656241692603,0.012907677330076694,0.0009223205270245671,0.9034284353256226,0.6698353290557861
256,0.0,1,187,0.0008591135265305638,0.008980046957731247,0.0007382247131317854,0.851132333278656,0.18342958390712738
257,100.0,2,331,0.0008722726488485932,0.008317318744957447,0.0007073790766298771,0.8621190190315247,0.4343752861022949
258,-100.0,0,43,0.0009251912124454975,0.014102548360824585,0.0008427647408097982,0.9386323690414429,0.9555867314338684
259,-100.0,0,43,0.0009716219501569867,0.013730083592236042,0.0006317022489383817,0.9594555497169495,1.0056588649749756
260,-100.0,0,116,0.0009361108532175422,0.01049219723790884,0.0004238294786773622,0.9325671792030334,0.6539392471313477
261,-100.0,0,116,0.0008728757966309786,0.013739905320107937,0.0007801562314853072,0.8711884617805481,0.54599928855896
262,-100.0,0,116,0.0008640239830128849,0.008243747986853123,0.0006070365197956562,0.8592701554298401,0.2332008332014084
263,-100.0,0,116,0.0008325509261339903,0.016199182718992233,0.0008061918779276311,0.8229118585586548,0.5822396278381348
264,-100.0,0,43,0.0009387761820107698,0.01530839130282402,0.0008999024285003543,0.9416309595108032,0.6170237064361572
265,0.0,1,187,0.0007333121029660106,0.006832013837993145,0.0007570164161734283,0.7263280153274536,0.32779422402381897
266,-100.0,0,43,0.0009129660320468247,0.016073986887931824,0.0008653590339235961,0.9197126626968384,0.5595325231552124
267,-100.0,0,116,0.0007820323808118701,0.017807258293032646,0.0008240985334850848,0.7935317754745483,0.6183504462242126
268,-100.0,0,43,0.000949642329942435,0.021088283509016037,0.000941725040320307,0.9333721399307251,0.8462911248207092
269,-100.0,0,116,0.0007723314338363707,0.017154786735773087,0.0008292693528346717,0.7751134634017944,0.4716586768627167
270,-100.0,0,43,0.0009048623032867908,0.01608263887465,0.0007691990467719734,0.9098997116088867,0.6592196226119995
271,-100.0,0,43,0.000929866568185389,0.012640816159546375,0.0007614084170199931,0.9320688247680664,0.2536081075668335
272,-100.0,0,116,0.0008050271426327527,0.007466396316885948,0.0006338432431221008,0.7946204543113708,0.18159209191799164
273,-100.0,0,43,0.000928312714677304,0.029368460178375244,0.0009394866647198796,0.9252245426177979,1.635780692100525
274,-100.0,0,116,0.000952464179135859,0.011963621713221073,0.0007407975499518216,0.9572434425354004,0.6319661736488342
275,600.0,7,1051,0.0008310388075187802,0.006676432676613331,0.0006520751630887389,0.835663378238678,0.22937753796577454
276,-100.0,0,43,0.00090093381004408,0.020272498950362206,0.0006325020221993327,0.9130584597587585,1.330013394355774
277,-100.0,0,43,0.0009529136004857719,0.018534144386649132,0.000905094260815531,0.9635278582572937,0.7739006876945496
278,-100.0,0,43,0.0009501487365923822,0.01554876659065485,0.0006609939155168831,0.9550921320915222,0.39163947105407715
279,-100.0,0,43,0.0006230026483535767,0.023878859356045723,0.0009194325539283454,0.6289883852005005,1.061625599861145
280,300.0,4,619,0.0008862495305947959,0.005326231941580772,0.00026669478393159807,0.881621778011322,0.17979802191257477
281,-100.0,0,43,0.000981947174295783,0.014025994576513767,0.0009648834820836782,0.976003885269165,0.5002819299697876
282,-100.0,0,116,0.0008657293510623276,0.010885259136557579,0.000750567764043808,0.871484100818634,0.21954943239688873
283,-100.0,0,43,0.0009541829349473119,0.011047526262700558,0.0004988127620890737,0.952302098274231,1.0226889848709106
284,-100.0,0,116,0.0009137557353824377,0.019412372261285782,0.0008234843262471259,0.9208248257637024,0.4796989858150482
285,-100.0,0,43,0.0009895822731778026,0.012907513417303562,0.0008154840907081962,0.972295880317688,1.1045666933059692
286,-100.0,0,43,0.0010041475761681795,0.020153654739260674,0.0008927076123654842,0.9883782863616943,1.9127801656723022
287,-100.0,0,116,0.000879588769748807,0.018985839560627937,0.000822520290967077,0.8830872774124146,1.0015223026275635
288,-100.0,0,116,0.0010015307925641537,0.012820764444768429,0.0007610846078023314,1.0018093585968018,0.6058403849601746
289,-100.0,0,43,0.0009552440023981035,0.015607025474309921,0.0009315055212937295,0.9536487460136414,0.7227268815040588
290,-100.0,0,43,0.0009634806774556637,0.012946655973792076,0.0008766826358623803,0.9527111649513245,0.7291962504386902
291,-100.0,0,116,0.0008857939392328262,0.012528919614851475,0.0007845033542253077,0.8917781710624695,0.5596821904182434
292,-100.0,0,116,0.0008656046120449901,0.010679270140826702,0.0008702274062670767,0.8721641302108765,0.5536957383155823
293,-100.0,0,116,0.0008716746815480292,0.018234828487038612,0.0007234946242533624,0.8734613656997681,0.8888251781463623
294,-100.0,0,43,0.0009361883858218789,0.024058233946561813,0.0008840644732117653,0.9331268668174744,1.2534912824630737
295,0.0,1,187,0.0008475706563331187,0.013487382791936398,0.000743789947591722,0.8571274876594543,0.8807594180107117
296,0.0,1,187,0.0008059531101025641,0.008589884266257286,0.0007124182302504778,0.8075820803642273,0.2542343735694885
297,-100.0,0,116,0.0009319488308392465,0.011869796551764011,0.0007833746494725347,0.924788236618042,0.6427006125450134
298,-100.0,0,116,0.0009381366544403136,0.01258391235023737,0.000666108331643045,0.9285908341407776,0.8611019849777222
299,0.0,1,187,0.0008376800687983632,0.00978569034487009,0.0006979256286285818,0.8345953822135925,0.27123719453811646
300,-100.0,0,43,0.0009715231135487556,0.012290967628359795,0.000746174540836364,0.9580673575401306,0.48069947957992554
301,0.0,1,187,0.0007922979420982301,0.020184094086289406,0.0006891182856634259,0.8068910241127014,0.7063203454017639
302,-100.0,0,43,0.0009745481656864285,0.02007770538330078,0.0007963214302435517,0.9786795973777771,0.9497424960136414
303,-100.0,0,43,0.0009347444283775985,0.02772838994860649,0.000907248177099973,0.9451379179954529,2.4846150875091553
304,-100.0,0,116,0.0010222243145108223,0.012921425513923168,0.0008332006982527673,1.0298374891281128,0.38257303833961487
305,300.0,4,619,0.0008562940638512373,0.006542828865349293,0.0006327105220407248,0.8548431992530823,0.1498662382364273
306,-100.0,0,43,0.0009369212202727795,0.012008928693830967,0.0006331730983220041,0.9416778683662415,0.44775766134262085
307,-100.0,0,43,0.0009610184351913631,0.011082878336310387,0.0008431770256720483,0.9463695883750916,1.0800559520721436
308,-100.0,0,43,0.0009669807623140514,0.009364861994981766,0.0005110650672577322,0.9586361050605774,0.4470008313655853
309,0.0,1,260,0.0008573269587941468,0.013514678925275803,0.0007750624208711088,0.8714133501052856,0.5032790303230286
310,-100.0,0,116,0.0008926500449888408,0.011944463476538658,0.0007264802698045969,0.8868833780288696,0.23629245162010193
311,-100.0,0,116,0.0009464677423238754,0.01643291302025318,0.000831899291370064,0.9574826955795288,0.8235003352165222
312,-100.0,0,116,0.0010016856249421835,0.01005620788782835,0.000608443224336952,1.0040311813354492,0.27818846702575684
313,-100.0,0,43,0.0009874434908851981,0.01739414967596531,0.00062840391183272,0.9794772863388062,0.8696652054786682
314,-100.0,0,116,0.0010266127064824104,0.010902541689574718,0.0005269896937534213,1.0259560346603394,0.3528711795806885
315,-100.0,0,43,0.000964890350587666,0.018210573121905327,0.0007974940235726535,0.9537529945373535,0.8746468424797058
316,-100.0,0,43,0.0009724830742925406,0.02097889594733715,0.0008994265808723867,0.9716216921806335,0.9502167701721191
317,-100.0,0,116,0.0009957377333194017,0.01753384619951248,0.0008455056231468916,1.0041486024856567,0.35660240054130554
318,-100.0,0,116,0.0009228303097188473,0.017318887636065483,0.0009027730557136238,0.9128413200378418,0.6197501420974731
319,-100.0,0,116,0.0008669928647577763,0.013758519664406776,0.0007747560157440603,0.8751851916313171,0.6122508645057678
320,100.0,2,331,0.0008317104657180607,0.009191984310746193,0.0006833741208538413,0.8453105688095093,0.28893694281578064
321,0.0,1,187,0.0007985736592672765,0.009656045585870743,0.0006571831181645393,0.7936513423919678,0.33978813886642456
322,-100.0,0,43,0.0009291300666518509,0.012762067839503288,0.0005876797367818654,0.9356841444969177,0.20995041728019714
323,-100.0,0,43,0.0009944562334567308,0.004918962251394987,0.0007352220709435642,0.9846794605255127,0.46827566623687744
324,-100.0,0,116,0.0010083328234031796,0.007379541173577309,0.0005857400828972459,1.0065089464187622,0.3995111584663391
325,700.0,8,1195,0.0008747235988266766,0.006658861413598061,0.0004388276138342917,0.8776964545249939,0.1703782081604004
326,-100.0,0,116,0.0010318733984604478,0.012377314269542694,0.0008250929531641304,1.0228899717330933,0.4034481644630432
327,-100.0,0,116,0.0009055606205947697,0.014057430438697338,0.0005877618677914143,0.9059065580368042,0.41157087683677673
328,-100.0,0,43,0.0009941364405676723,0.011952269822359085,0.0007780151208862662,0.9840282797813416,0.36558282375335693
329,-100.0,0,43,0.0009537662263028324,0.011803077533841133,0.0003718951775226742,0.9637838006019592,0.7568216323852539
330,-100.0,0,116,0.0009188101394101977,0.004786464385688305,0.000414294219808653,0.9210825562477112,0.6342663764953613
331,-100.0,0,116,0.0009300081874243915,0.01397942565381527,0.0008224569028243423,0.9238187074661255,0.7086182236671448
332,0.0,1,260,0.0008815195760689676,0.007590979803353548,0.00048741267528384924,0.8794784545898438,0.37168699502944946
333,700.0,8,1195,0.0009150891564786434,0.00909255538135767,0.0007941955118440092,0.9080756306648254,0.32163703441619873
334,100.0,2,331,0.0008933343342505395,0.012876978144049644,0.0008328953990712762,0.9013411998748779,0.6147689819335938
335,-100.0,0,43,0.0009747684234753251,0.017799392342567444,0.0007638768292963505,0.9876249432563782,0.9627030491828918
336,-100.0,0,43,0.0010270396014675498,0.011861809529364109,0.000585060624871403,1.0214463472366333,0.5246720910072327
337,-100.0,0,43,0.001004961901344359,0.011287852190434933,0.0005188246141187847,1.007728099822998,0.7472330331802368
338,100.0,2,331,0.0008785807294771075,0.007629369851201773,0.0004708420601673424,0.8784786462783813,0.07636285573244095
339,-100.0,0,43,0.0010246840538457036,0.016152944415807724,0.0009159803739748895,1.021684169769287,0.724035382270813
340,-100.0,0,43,0.0008216591668315232,0.028652485460042953,0.0009229085990227759,0.8222830891609192,1.0242609977722168
341,-100.0,0,43,0.001027764636091888,0.022876769304275513,0.000891087285708636,1.0210448503494263,0.6853383779525757
342,100.0,2,331,0.0009410612401552498,0.009657889604568481,0.0007061577634885907,0.9379294514656067,0.20851124823093414
343,-100.0,0,116,0.0009125242359004915,0.014363603666424751,0.0007925184909254313,0.9037600755691528,0.4740266799926758
344,-100.0,0,116,0.0009812820935621858,0.016306474804878235,0.0008846480632200837,0.990506112575531,0.6969144940376282
345,-100.0,0,116,0.0008747313404455781,0.021351326256990433,0.0008688876987434924,0.883254885673523,0.6409018039703369
346,0.0,1,187,0.0008965691085904837,0.013150021433830261,0.0008469665190204978,0.8942425847053528,0.651360809803009
347,-100.0,0,43,0.0007403857307508588,0.018913405016064644,0.0008022201363928616,0.745023787021637,1.2525066137313843
348,0.0,1,260,0.0008827036363072693,0.012109835632145405,0.00058626668760553,0.8859926462173462,0.8871484994888306
349,0.0,1,187,0.0009310058667324483,0.007435874547809362,0.00048797467024996877,0.9330013394355774,0.21035370230674744
350,0.0,1,260,0.0008867289288900793,0.0075539154931902885,0.000539069005753845,0.8781436681747437,0.18718738853931427
351,0.0,1,187,0.0008844409021548927,0.011518247425556183,0.0007992367027327418,0.882983386516571,0.41099876165390015
352,-100.0,0,116,0.0009214768651872873,0.012906912714242935,0.0006875762483105063,0.9159301519393921,0.5195779204368591
353,-100.0,0,116,0.0009926616912707686,0.010191738605499268,0.0005148694617673755,1.0031980276107788,0.3380700349807739
354,-100.0,0,116,0.000998602481558919,0.008514218032360077,0.00047705761971883476,0.9992323517799377,0.4562552273273468
355,-100.0,0,116,0.0010042578214779496,0.013264898210763931,0.0007583624101243913,1.0052411556243896,0.452716588973999
356,0.0,1,187,0.0008678383892402053,0.008686019107699394,0.00028918805764988065,0.8616243004798889,0.24631766974925995
357,100.0,2,331,0.0008882537367753685,0.009147083386778831,0.0007838203455321491,0.8913804888725281,0.34876394271850586
358,-100.0,0,43,0.0007890893612056971,0.012586018070578575,0.0004493628512136638,0.7908186912536621,0.3797034025192261
359,0.0,1,187,0.0009931490058079362,0.01538399513810873,0.0007977664354257286,0.9990886449813843,0.8854326605796814
360,-100.0,0,116,0.0010153454495593905,0.01587558165192604,0.0008423059480264783,1.0207704305648804,0.5523895025253296
361,-100.0,0,116,0.0008497436647303402,0.02415706403553486,0.0009018091368488967,0.8508470058441162,0.7357711791992188
362,-100.0,0,43,0.000989612890407443,0.024189801886677742,0.0008856631466187537,0.9940819144248962,1.1532115936279297
363,-100.0,0,43,0.0009424540912732482,0.013147999532520771,0.0007022780482657254,0.939166247844696,0.6649460196495056
364,-100.0,0,43,0.0009495638660155237,0.02158477157354355,0.0009532654075883329,0.9517754912376404,1.0558222532272339
365,-100.0,0,116,0.0009990318212658167,0.0073935119435191154,0.0005677261506207287,0.9959684014320374,0.2551212012767792
366,0.0,1,187,0.0007971079903654754,0.010918311774730682,0.0006045183399692178,0.7936617732048035,0.4027024209499359
367,500.0,6,907,0.0008289210963994265,0.006164099555462599,0.0006886736955493689,0.8305333256721497,0.1777057945728302
368,-100.0,0,116,0.0008518524118699133,0.02293900027871132,0.0009870546637102962,0.8497498631477356,1.0119003057479858
369,0.0,1,187,0.0007663333090022206,0.016860362142324448,0.0007971498998813331,0.7717133164405823,0.7986479997634888
370,100.0,2,331,0.0008230373496189713,0.01064227893948555,0.0006988226668909192,0.8374364376068115,0.3892088234424591
371,200.0,3,475,0.0008545342134311795,0.008687563240528107,0.0007310343789868057,0.8469854593276978,0.235085591673851
372,-100.0,0,43,0.0010167894652113318,0.022724032402038574,0.0007152817561291158,1.020248532295227,1.8035411834716797
373,0.0,1,187,0.000992253771983087,0.016057012602686882,0.0007765053887851536,0.9986706376075745,1.1601558923721313
374,-100.0,0,43,0.0009403305011801422,0.018799733370542526,0.0007525757537223399,0.9366680383682251,1.166327714920044
375,0.0,1,260,0.0008263331255875528,0.016879064962267876,0.0007984976982697845,0.8296798467636108,1.05692458152771
376,-100.0,0,43,0.001006129663437605,0.02228894829750061,0.0009421368595212698,1.0089008808135986,1.0232343673706055
377,-100.0,0,116,0.0008018122753128409,0.015588456764817238,0.0008319453918375075,0.8126955628395081,1.1014039516448975
378,-100.0,0,43,0.0010194828500971198,0.017375459894537926,0.0007369232480414212,1.0152006149291992,1.5190294981002808
379,0.0,1,187,0.0008174623362720013,0.006991969421505928,0.0003779179824050516,0.8126992583274841,0.13112884759902954
380,-100.0,0,116,0.0008268526871688664,0.016131768003106117,0.0007696114480495453,0.8344899415969849,0.423753023147583
381,0.0,1,260,0.0008483232813887298,0.009494124911725521,0.0006892801611684263,0.8425391316413879,0.4637526273727417
382,200.0,3,475,0.0008602510206401348,0.008298144675791264,0.0007100135553628206,0.863527774810791,0.33580589294433594
383,-100.0,0,116,0.0008217881550081074,0.019589191302657127,0.0007063081720843911,0.8119435906410217,0.5241879224777222
384,400.0,5,763,0.0009269989677704871,0.006586676929146051,0.0007022717618383467,0.9275990128517151,0.146719828248024
385,0.0,1,260,0.0010153937619179487,0.006969619542360306,0.0006100304890424013,1.0079536437988281,0.46007075905799866
386,-100.0,0,43,0.0008241571485996246,0.013834523968398571,0.0008331597782671452,0.8347371816635132,1.6113840341567993
387,-100.0,0,116,0.0008001809474080801,0.015682678669691086,0.000648807967081666,0.7951725125312805,0.3973701000213623
388,-100.0,0,43,0.0008897686493583024,0.02396157570183277,0.0009221628424711525,0.8826088905334473,1.3917282819747925
389,0.0,1,260,0.0008159886347129941,0.009080439805984497,0.000690238201059401,0.8214356899261475,0.2966093420982361
390,-100.0,0,116,0.0007911440916359425,0.010198785923421383,0.0007099893409758806,0.7880865931510925,0.3154676556587219
391,100.0,2,331,0.0008691688999533653,0.011634141206741333,0.0007341538439504802,0.8749005198478699,0.41898471117019653
392,0.0,1,260,0.0008362744702026248,0.013877852819859982,0.0007568907458335161,0.8442146182060242,0.5174633264541626
393,-100.0,0,116,0.0009845466120168567,0.010180684737861156,0.0006561134359799325,0.9760851860046387,0.5843347907066345
394,-100.0,0,116,0.0008199732401408255,0.013537321239709854,0.0005995521205477417,0.8155027627944946,0.2858372926712036
395,-100.0,0,43,0.000891275645699352,0.011825299821794033,0.0007301838486455381,0.8891708254814148,0.5311141610145569
396,0.0,1,260,0.0009998485911637545,0.012638206593692303,0.0007322343299165368,0.9917011260986328,0.4158952832221985
397,-100.0,0,43,0.0008354885503649712,0.010777762159705162,0.0007685022428631783,0.8323814868927002,0.9220514297485352
398,0.0,1,260,0.0008229607483372092,0.008461875841021538,0.00073698052437976,0.8304929733276367,0.49234166741371155
399,0.0,1,187,0.0009856985416263342,0.007898283191025257,0.0008773587178438902,0.9927465915679932,0.21144232153892517
400,0.0,1,260,0.0008161146542988718,0.014689773321151733,0.0007550498703494668,0.819785475730896,0.29642629623413086
401,0.0,1,260,0.0008108599577099085,0.010396245867013931,0.0005763214430771768,0.8144158720970154,0.21837593615055084
402,-100.0,0,43,0.0008397943456657231,0.013761281967163086,0.0007953565800562501,0.8429123759269714,1.0057957172393799
403,500.0,6,907,0.0009143748902715743,0.007391083054244518,0.0007314753020182252,0.9115169644355774,0.16308869421482086
404,-100.0,0,43,0.0008980436250567436,0.019157882779836655,0.0007336969720199704,0.9058207869529724,0.9027754664421082
405,-100.0,0,116,0.000808440032415092,0.01760081760585308,0.0005098030669614673,0.8068966269493103,0.572307288646698
406,-100.0,0,116,0.0008782650111243129,0.018535684794187546,0.0008043019333854318,0.8780426979064941,0.6464623212814331
407,-100.0,0,43,0.0008833245956338942,0.013362037017941475,0.0007248870679177344,0.879462480545044,0.5870134830474854
408,-100.0,0,43,0.000846062321215868,0.014593745581805706,0.0006540952599607408,0.8473783731460571,1.038632869720459
409,0.0,1,260,0.0008158509153872728,0.009827934205532074,0.0007527112029492855,0.8036317825317383,0.2865036427974701
410,-100.0,0,43,0.000849803676828742,0.018169092014431953,0.0009140074835158885,0.855283796787262,0.6772188544273376
411,0.0,1,260,0.0009800557745620608,0.012778852134943008,0.0007531925803050399,0.9819372296333313,0.4157918095588684
412,200.0,3,548,0.0009761591791175306,0.008884614333510399,0.0007028912077657878,0.972988486289978,0.4207201898097992
413,-100.0,0,43,0.0007907942635938525,0.028895562514662743,0.000905390887055546,0.788759171962738,1.7734692096710205
414,-100.0,0,43,0.000807917327620089,0.019690318033099174,0.0007966748089529574,0.7864130735397339,1.0344464778900146
415,0.0,1,187,0.0007469271658919752,0.010502444580197334,0.0006922919419594109,0.7405706644058228,0.5874500870704651
416,0.0,1,260,0.0007750406512059271,0.012402513064444065,0.00078745954670012,0.7815454602241516,0.7095531225204468
417,0.0,1,260,0.0008100199629552662,0.010929438285529613,0.0006510139210149646,0.8114380836486816,0.28177520632743835
418,100.0,2,331,0.000906080415006727,0.010026034899055958,0.0007299496792256832,0.9073613286018372,0.49623382091522217
419,0.0,1,187,0.0006622602813877165,0.0177390705794096,0.0007405097712762654,0.6465510129928589,0.8106067180633545
420,-100.0,0,116,0.0007000993937253952,0.018797576427459717,0.0007941910880617797,0.6961015462875366,0.78647381067276
421,0.0,1,260,0.0009416781249456108,0.01158485934138298,0.0006440375000238419,0.9375814199447632,0.36634567379951477
422,0.0,1,187,0.0006507959333248436,0.012958942912518978,0.0006807806785218418,0.6625434160232544,0.3053356111049652
423,300.0,4,692,0.0008646012865938246,0.008332963101565838,0.000841961766127497,0.8618890643119812,0.23179325461387634
424,0.0,1,260,0.0007947335834614933,0.009387264959514141,0.0007186091388575733,0.7962435483932495,0.3081325590610504
425,-100.0,0,43,0.0009964837227016687,0.01700212061405182,0.0009321002871729434,1.0039479732513428,0.34435710310935974
426,500.0,6,907,0.0008358357008546591,0.006844385992735624,0.000624889915343374,0.8364906311035156,0.183879554271698
427,-100.0,0,43,0.0006974940770305693,0.017467476427555084,0.0007077280315570533,0.7131481766700745,0.7137585878372192
428,-100.0,0,116,0.0006841495051048696,0.008684664964675903,0.0005453565972857177,0.6719993352890015,0.3897886574268341
429,0.0,1,260,0.0008153163944371045,0.009093108586966991,0.0007299549761228263,0.8195953369140625,0.310232937335968
430,-100.0,0,43,0.0009037528652697802,0.017821509391069412,0.0006387284956872463,0.8951513767242432,1.174816370010376
431,-100.0,0,43,0.0009112140978686512,0.013349177315831184,0.0009289401932619512,0.9172256588935852,1.0705931186676025
432,-100.0,0,116,0.000725952151697129,0.016666751354932785,0.0006818598485551775,0.7228768467903137,0.6477304697036743
433,-100.0,0,43,0.0009301354875788093,0.014008156955242157,0.0007500384235754609,0.9175268411636353,1.11911940574646
434,-100.0,0,43,0.0009381733252666891,0.01984129473567009,0.0005252080736681819,0.9309380054473877,0.6891379952430725
435,0.0,1,260,0.0007868516258895397,0.013315978460013866,0.0007800622843205929,0.7918810844421387,0.4005056619644165
436,100.0,2,404,0.0009052581153810024,0.011500105261802673,0.0008181940647773445,0.9118300080299377,0.4753299653530121
437,100.0,2,404,0.0009326362633146346,0.007634569425135851,0.0005596244591288269,0.9309073090553284,0.34749308228492737
438,-100.0,0,43,0.000972697336692363,0.02021080069243908,0.0005900916876271367,0.9604977369308472,1.4116847515106201
439,-100.0,0,43,0.0009314699564129114,0.011612176895141602,0.0007469290867447853,0.923102617263794,0.5695092082023621
440,-100.0,0,43,0.0009692024323157966,0.002640176098793745,0.00015743993571959436,0.9716021418571472,0.6451321244239807
441,-100.0,0,116,0.000703511293977499,0.01588582992553711,0.0008065961301326752,0.7035852670669556,0.6749600172042847
442,0.0,1,260,0.0007620045798830688,0.01153006125241518,0.0007273905794136226,0.7588633298873901,0.5484524965286255
443,-100.0,0,43,0.0009134994470514357,0.021676773205399513,0.0009028356871567667,0.914304792881012,1.0770984888076782
444,100.0,2,404,0.0009067957289516926,0.00912097841501236,0.0007493311422877014,0.9131810665130615,0.24993617832660675
445,0.0,1,260,0.0008247956866398454,0.010659342631697655,0.0007989270961843431,0.8165562748908997,0.6235871911048889
446,-100.0,0,116,0.0007186427828855813,0.011057740077376366,0.0006767697632312775,0.7229301333427429,0.34696632623672485
447,-100.0,0,43,0.0009000241407193244,0.013726976700127125,0.0008716933079995215,0.8895694613456726,0.9924628734588623
448,-100.0,0,43,0.0010099775390699506,0.017673086374998093,0.0005855613853782415,1.010779619216919,0.5050966143608093
449,-100.0,0,43,0.0007063184166327119,0.02012026496231556,0.0009425015887245536,0.7134707570075989,1.520678162574768
450,400.0,5,836,0.0009078374714590609,0.00734051875770092,0.0007226777961477637,0.9110941290855408,0.23209771513938904
451,0.0,1,260,0.0008250835817307234,0.009568379260599613,0.0007130330777727067,0.8118508458137512,0.4935545325279236
452,-100.0,0,116,0.0007212996715679765,0.007056490518152714,0.000639153178781271,0.7138317823410034,0.3048492968082428
453,-100.0,0,116,0.0007219660910777748,0.01068896520882845,0.0008171115186996758,0.7298576235771179,0.4843766987323761
454,0.0,1,260,0.0008259013411588967,0.01155359297990799,0.0008492168271914124,0.8199808597564697,0.3203120827674866
455,0.0,1,260,0.0008171049412339926,0.00919116660952568,0.0006416914984583855,0.8055635094642639,0.4347482919692993
456,-100.0,0,43,0.0007814292912371457,0.016516217961907387,0.0007716931868344545,0.7762309312820435,1.4289259910583496
457,-100.0,0,116,0.0006982298218645155,0.010637722909450531,0.0005711244302801788,0.6933350563049316,0.25856101512908936
458,-100.0,0,43,0.0010052400175482035,0.005882034078240395,0.0007526827976107597,1.009305715560913,0.6278460621833801
459,-100.0,0,43,0.0008078649989329278,0.012903204187750816,0.0006610500277020037,0.798823893070221,0.5550633668899536
460,-100.0,0,116,0.0009236791520379484,0.0073159378953278065,0.0004662024148274213,0.9208313226699829,0.4843108057975769
461,-100.0,0,43,0.001013753586448729,0.01172007154673338,0.0009532441035844386,1.006994366645813,1.418923020362854
462,0.0,1,260,0.0007821480394341052,0.013203652575612068,0.0007940774085000157,0.7860126495361328,0.41351768374443054
463,-100.0,0,116,0.0007094802567735314,0.014278298243880272,0.0008613684331066906,0.7008795738220215,0.6079793572425842
464,100.0,2,331,0.0007910404819995165,0.010965730994939804,0.0007270683418028057,0.7927098870277405,0.24601911008358002
465,0.0,1,260,0.0007811988471075892,0.00953804049640894,0.0007716590189374983,0.7889847159385681,0.25881385803222656
466,100.0,2,331,0.0008368123671971262,0.00779773248359561,0.0006120924372226,0.840427815914154,0.30750688910484314
467,0.0,1,260,0.0007751217344775796,0.009899665601551533,0.0007514331373386085,0.7781421542167664,0.40637025237083435
468,-100.0,0,116,0.0007103051175363362,0.008503315038979053,0.0007156407227739692,0.7137673497200012,0.42387673258781433
469,0.0,1,260,0.0008090421324595809,0.010808303952217102,0.0007856233278289437,0.8030354380607605,0.45725980401039124
470,200.0,3,548,0.0009069845546036959,0.008502150885760784,0.0007191298063844442,0.9079567790031433,0.3572273254394531
471,200.0,3,475,0.0008863986004143953,0.007533730939030647,0.0005424795672297478,0.8798695802688599,0.2944687008857727
472,0.0,1,187,0.0009342370321974158,0.00998668558895588,0.0006649376591667533,0.9424575567245483,0.4930479824542999
473,0.0,1,260,0.0008140701102092862,0.007910449057817459,0.0006168287363834679,0.8195224404335022,0.15925446152687073
474,100.0,2,331,0.0008556271786801517,0.011585835367441177,0.0008281506015919149,0.8519765734672546,0.25758740305900574
475,-100.0,0,43,0.0006729825981892645,0.023797348141670227,0.0006792952190153301,0.6798107028007507,2.283071279525757
476,0.0,1,260,0.0007839197642169893,0.006470066960901022,0.0004779281443916261,0.7914059162139893,0.2709939479827881
477,200.0,3,475,0.0009210081188939512,0.007620762102305889,0.0005724728689529002,0.921371340751648,0.1372855007648468
478,200.0,3,475,0.0008672404219396412,0.008355541154742241,0.0006256086635403335,0.8612043857574463,0.4731781482696533
479,-100.0,0,116,0.0009513166733086109,0.013387685641646385,0.0007907088147476315,0.9604827761650085,0.6222646236419678
480,100.0,2,331,0.0008883654954843223,0.009649896994233131,0.0006587039097212255,0.890528678894043,0.2913454473018646
481,-100.0,0,116,0.0009912926470860839,0.014697134494781494,0.000629618123639375,0.9797343611717224,0.5704168081283569
482,-100.0,0,43,0.0007155257044360042,0.01638968102633953,0.0009456472471356392,0.7214210629463196,1.3464086055755615
483,0.0,1,187,0.0009192954748868942,0.013770900666713715,0.0009749399614520371,0.9247271418571472,0.8532697558403015
484,-100.0,0,43,0.0007396716973744333,0.006536274217069149,0.00031215057242661715,0.7448561191558838,0.519088864326477
485,0.0,1,187,0.0009529253002256155,0.010751170106232166,0.0005949422484263778,0.9444625973701477,0.6918963193893433
486,0.0,1,260,0.0007917960174381733,0.006796360015869141,0.0003760202962439507,0.7870475053787231,0.35360682010650635
487,0.0,1,260,0.0007810168317519128,0.011438170447945595,0.0007178836967796087,0.7727075815200806,0.21811456978321075
488,0.0,1,260,0.0007241967250593007,0.007694778498262167,0.0006249256548471749,0.7176022529602051,0.33014801144599915
489,0.0,1,260,0.000777177105192095,0.010103580541908741,0.0004331208183430135,0.77262943983078,0.2260241061449051
490,100.0,2,404,0.0008476884104311466,0.011017419397830963,0.0006580224144272506,0.84129399061203,0.3825828731060028
491,300.0,4,619,0.0007113913306966424,0.007918281480669975,0.000777162320446223,0.713630735874176,0.14873389899730682
492,200.0,3,475,0.0008749861735850573,0.007636492606252432,0.0005406715790741146,0.8787564039230347,0.17678819596767426
493,0.0,1,187,0.0007403572089970112,0.017521506175398827,0.0009176858584396541,0.7426954507827759,0.9489080309867859
494,-100.0,0,43,0.0006414507515728474,0.014189804904162884,0.0007941403309814632,0.6460123062133789,0.4157722592353821
495,-100.0,0,116,0.0006700265221297741,0.014895996078848839,0.0006601872155442834,0.6851897835731506,0.516415536403656
496,0.0,1,260,0.0007573634502477944,0.007308174856007099,0.0006424279999919236,0.7607502341270447,0.3277914226055145
497,0.0,1,260,0.000799363711848855,0.008669367991387844,0.0006882378947921097,0.8085809350013733,0.27698975801467896
498,0.0,1,187,0.0009700183873064816,0.010239586234092712,0.0006112887058407068,0.9731965065002441,0.6761784553527832
499,100.0,2,331,0.0008125407621264458,0.007053641136735678,0.0006149098044261336,0.8046225905418396,0.28555434942245483
500,0.0,1,187,0.0007157646468840539,0.01610657386481762,0.0006889956421218812,0.7209412455558777,0.7247306704521179
501,100.0,2,331,0.0006707251886837184,0.004904134664684534,0.00035407510586082935,0.6748338937759399,0.22321496903896332
502,300.0,4,619,0.0007694391533732414,0.008218544535338879,0.0006242122617550194,0.7635828256607056,0.33060961961746216
503,-100.0,0,116,0.0006500847521238029,0.020680595189332962,0.0008762635407038033,0.6580585241317749,0.73246169090271
504,100.0,2,331,0.0008154896786436439,0.008784367702901363,0.0007394644781015813,0.816336989402771,0.4080936014652252
505,100.0,2,331,0.0007809251546859741,0.009981113485991955,0.0005223131156526506,0.7756609320640564,0.27198779582977295
506,-100.0,0,116,0.000679598655551672,0.01233420055359602,0.000634007272310555,0.67166668176651,0.6249836683273315
507,100.0,2,404,0.0006225997931323946,0.0073725939728319645,0.0005946831661276519,0.6374911069869995,0.17484065890312195
508,300.0,4,619,0.000701242417562753,0.00805333536118269,0.0006273328908719122,0.6960778832435608,0.2950535714626312
509,0.0,1,260,0.0007547427667304873,0.00887923315167427,0.000627764267846942,0.7511199712753296,0.2968713939189911
510,100.0,2,404,0.000630793278105557,0.013388396240770817,0.0007281775469891727,0.6443614363670349,0.39214733242988586
511,0.0,1,260,0.0006291338941082358,0.00926034152507782,0.0004688251356128603,0.6397581696510315,0.26222100853919983
512,500.0,6,907,0.0007998906075954437,0.008931855671107769,0.0007426395313814282,0.8024578094482422,0.39831867814064026
513,-100.0,0,43,0.000628827081527561,0.015647927299141884,0.0003738371597137302,0.6310132741928101,1.1690309047698975
514,200.0,3,548,0.0007344444165937603,0.008366113528609276,0.0007567970314994454,0.733565628528595,0.1880769282579422
515,200.0,3,475,0.0008620013832114637,0.007016318384557962,0.0005520530394278467,0.869247555732727,0.1347445547580719
516,500.0,6,980,0.0007942087249830365,0.00671679200604558,0.0005934288492426276,0.7852222919464111,0.20664653182029724
517,-100.0,0,43,0.0006446160259656608,0.019341109320521355,0.0007916083559393883,0.6387302875518799,1.0132242441177368
518,-100.0,0,116,0.000716840208042413,0.012652994133532047,0.0008183289901353419,0.7140759229660034,0.42286133766174316
519,100.0,2,331,0.0008467286243103445,0.010730499401688576,0.0006254012696444988,0.8414682745933533,0.2736956477165222
520,-100.0,0,116,0.0006832083454355597,0.017139066010713577,0.0007302627200260758,0.6795627474784851,0.5149632692337036
521,300.0,4,619,0.0007537183118984103,0.007728446740657091,0.0007034565205685794,0.7500279545783997,0.14161129295825958
522,0.0,1,260,0.0007002832135185599,0.012325066141784191,0.0005521220155060291,0.6964383721351624,0.23915424942970276
523,100.0,2,331,0.0007530637085437775,0.010091534815728664,0.0006885011098347604,0.7462809085845947,0.23412102460861206
524,-100.0,0,116,0.0009504762711003423,0.018435344099998474,0.0005909794708713889,0.936923623085022,1.3463506698608398
525,0.0,1,187,0.0005667049554176629,0.006628281436860561,0.0007067128899507225,0.5610656142234802,0.2538343667984009
526,100.0,2,331,0.0007882544305175543,0.010201985016465187,0.0008728482644073665,0.7991603016853333,0.33443060517311096
527,300.0,4,619,0.0006827486795373261,0.007993984967470169,0.0006902590394020081,0.6733835339546204,0.18531259894371033
528,-100.0,0,116,0.0006207887781783938,0.01843545399606228,0.0009182109497487545,0.6294130086898804,0.9173049330711365
529,-100.0,0,116,0.0006636705948039889,0.013022920116782188,0.000757874280679971,0.6547964811325073,0.42025503516197205
530,700.0,8,1268,0.0006890014046803117,0.00530981132760644,0.000579648301936686,0.6823149919509888,0.13848507404327393
531,900.0,10,1483,0.0007687004399485886,0.0041120583191514015,0.0005246050423011184,0.7687574028968811,0.10177027434110641
532,-100.0,0,116,0.0006209188140928745,0.012336214073002338,0.0006823725416325033,0.6237255334854126,0.6428545117378235
533,0.0,1,187,0.0006026365444995463,0.01241882611066103,0.000784470175858587,0.6033015847206116,0.7444214224815369
534,200.0,3,475,0.0008173006935976446,0.008546663448214531,0.000715570175088942,0.8186107277870178,0.22389072179794312
535,500.0,6,980,0.0007653165375813842,0.006960445083677769,0.0006530552636831999,0.7660990357398987,0.2862664759159088
536,0.0,1,187,0.0008193584508262575,0.018015433102846146,0.0008783509256318212,0.8091827034950256,1.0747592449188232
537,0.0,1,187,0.0005776252364739776,0.010803562588989735,0.0005504920263774693,0.582251787185669,0.2850724756717682
538,600.0,7,1124,0.0007580526289530098,0.0059948633424937725,0.0006288312142714858,0.7568566799163818,0.2274850606918335
539,100.0,2,331,0.0007287280750460923,0.00835125707089901,0.00041841011261567473,0.7303988933563232,0.2249779850244522
540,-100.0,0,116,0.0006006364710628986,0.010717944242060184,0.0007994422921910882,0.5930227041244507,0.4005884528160095
541,400.0,5,763,0.0007115943590179086,0.0046906014904379845,0.00036982851452194154,0.7111672163009644,0.0646192729473114
542,400.0,5,763,0.0008959143306128681,0.006460946518927813,0.0005756924510933459,0.8954676389694214,0.1521017849445343
543,-100.0,0,116,0.0006147885578684509,0.017495397478342056,0.0008630096563138068,0.619963526725769,0.8992377519607544
544,1400.0,14,2000,0.0007842197665013373,0.005055837798863649,0.0006349838804453611,0.7825312614440918,0.1837911605834961
545,100.0,2,331,0.0007553618052043021,0.005600692238658667,0.0006003627204336226,0.7550629377365112,0.17978671193122864
546,200.0,3,475,0.0008463539415970445,0.009265290573239326,0.0006860061548650265,0.8447160124778748,0.29297706484794617
547,1400.0,14,2000,0.0008311294950544834,0.005247147753834724,0.0006269450532272458,0.834017276763916,0.12095694243907928
548,1400.0,14,2000,0.0007626694859936833,0.006473218090832233,0.0006642702501267195,0.7528938055038452,0.2659551501274109
549,-100.0,0,43,0.0004379755409900099,0.012503999285399914,0.0007215646910481155,0.46295803785324097,0.8181893229484558
550,700.0,8,1268,0.0007192080374807119,0.007926994934678078,0.0007224376313388348,0.7289082407951355,0.375218003988266
551,1400.0,14,2000,0.0008283430361188948,0.004416194278746843,0.0005956649547442794,0.8282713294029236,0.1401444971561432
552,200.0,3,475,0.0007950094877742231,0.009253802709281445,0.0006049156072549522,0.7990901470184326,0.2863636314868927
553,500.0,6,980,0.0007116594351828098,0.007857313379645348,0.0006800462724640965,0.7090273499488831,0.372868150472641
554,-100.0,0,116,0.0005817043711431324,0.011022860184311867,0.000819355365820229,0.5929387211799622,0.4288429319858551
555,1100.0,12,1771,0.0007001596386544406,0.005341047886759043,0.000443911092588678,0.7005147337913513,0.22259536385536194
556,200.0,3,475,0.0006696422933600843,0.00813329964876175,0.0006007828051224351,0.6717919707298279,0.16780585050582886
557,700.0,8,1268,0.0007254889933392406,0.0038863690569996834,0.0004261825233697891,0.7269731163978577,0.051528450101614
558,800.0,9,1412,0.0007573479088023305,0.005421466659754515,0.00047864968655630946,0.7546687722206116,0.13217368721961975
559,400.0,5,763,0.0006272799801081419,0.006076056510210037,0.0006221692892722785,0.6285917162895203,0.26214006543159485
560,1400.0,14,2000,0.0008393099997192621,0.005717492662370205,0.0006870960933156312,0.8397290706634521,0.20755158364772797
561,1400.0,14,2000,0.0007831319817341864,0.004892332945019007,0.0006757999071851373,0.7806505560874939,0.1731896847486496
562,1400.0,14,2000,0.0007997535285539925,0.004283610265702009,0.0005416186177171767,0.7973994016647339,0.10662508010864258
563,-100.0,0,43,0.00047974346671253443,0.012276869267225266,0.0008912902558222413,0.5055785775184631,0.7098127603530884
564,500.0,6,907,0.0007183988927863538,0.00782534759491682,0.000590586569160223,0.7149282693862915,0.21640172600746155
565,600.0,7,1051,0.0007512766751460731,0.00796419009566307,0.0007327591301873326,0.7590327262878418,0.2725704312324524
566,0.0,1,260,0.0005954860826022923,0.011489326134324074,0.000693978916388005,0.5873266458511353,0.5861084461212158
567,1100.0,12,1771,0.0007492918521165848,0.004511465784162283,0.0006133737042546272,0.7436304092407227,0.15612095594406128
568,900.0,10,1483,0.0007834996795281768,0.004956433083862066,0.0006227748235687613,0.7829445600509644,0.17263096570968628
569,1400.0,14,2000,0.000804184703156352,0.005400252528488636,0.0007616510265506804,0.8022536039352417,0.3329174220561981
570,1400.0,14,2000,0.0007937510381452739,0.00395005289465189,0.0006368980393745005,0.7931408882141113,0.11671508103609085
571,1400.0,14,2000,0.0008340021013282239,0.0037276323419064283,0.0006333250203169882,0.8345975279808044,0.09626208990812302
572,-100.0,0,43,0.0004566992283798754,0.01679912582039833,0.0006031646626070142,0.4493955969810486,1.424454689025879
573,1000.0,11,1700,0.0007181394030340016,0.006343513261526823,0.0006603006622754037,0.7205967307090759,0.20834247767925262
574,800.0,9,1339,0.0007517445483244956,0.005025788210332394,0.000532451318576932,0.7498419880867004,0.06901585310697556
575,500.0,6,907,0.0006808116449974477,0.006360174156725407,0.00044268902274779975,0.6816798448562622,0.09141003340482712
576,1400.0,14,2000,0.0008432906470261514,0.0043394058011472225,0.00047172835911624134,0.8434945344924927,0.0851970836520195
577,1400.0,14,2000,0.0007939710048958659,0.0077094631269574165,0.0006828003097325563,0.7968493700027466,0.1507359743118286
578,1400.0,14,2000,0.0007339308504015207,0.006364554166793823,0.0006790846819058061,0.741756796836853,0.2071683257818222
579,1400.0,14,2000,0.0008256228175014257,0.005096748471260071,0.0005825631087645888,0.8214636445045471,0.12011979520320892
580,1400.0,14,2000,0.0007616941002197564,0.004601301159709692,0.0005796700716018677,0.7672878503799438,0.11706338822841644
581,-100.0,0,43,0.0010164910927414894,0.016386501491069794,0.0006673007737845182,1.0161454677581787,0.9272974133491516
582,1400.0,14,2000,0.0007099497597664595,0.005817679688334465,0.0006206035031937063,0.706687867641449,0.13799956440925598
583,200.0,3,475,0.000694936839863658,0.010400955565273762,0.0007238680263981223,0.6984526515007019,0.4629562497138977
584,200.0,3,548,0.0007397530716843903,0.009883411228656769,0.0007501590298488736,0.7379339933395386,0.265903502702713
585,-100.0,0,43,0.0004836738226003945,0.02047373726963997,0.0005514742224477232,0.47733137011528015,0.8106998801231384
586,1400.0,14,2000,0.0006532725528813899,0.0054449099116027355,0.0007244819425977767,0.643570065498352,0.2259240299463272
587,1400.0,14,2000,0.0006687311106361449,0.005432714708149433,0.0006190608255565166,0.6640816330909729,0.10266344249248505
588,1400.0,14,2000,0.0007598624797537923,0.004431970417499542,0.0005880720564164221,0.7601284384727478,0.09530910104513168
589,1400.0,14,2000,0.0007463766378350556,0.004249228164553642,0.0006922499160282314,0.7512515783309937,0.11342719942331314
590,1200.0,13,1988,0.0007804802735336125,0.005467611365020275,0.0006755270878784359,0.775700032711029,0.15721935033798218
591,1200.0,13,1915,0.000755927583668381,0.00414648000150919,0.0005705709918402135,0.7483338713645935,0.10945725440979004
592,1400.0,14,2000,0.0007705660536885262,0.0037559685297310352,0.0004979603108949959,0.7652294635772705,0.22240212559700012
593,500.0,6,980,0.0006297024665400386,0.00684374151751399,0.0005701992195099592,0.6339913606643677,0.1803332269191742
594,900.0,10,1556,0.0007314294925890863,0.006049515679478645,0.0006588784162886441,0.7330047488212585,0.15508678555488586
595,1400.0,14,2000,0.0006641980144195259,0.00440687732771039,0.0005645197234116495,0.6726394295692444,0.11274873465299606
596,1400.0,14,2000,0.0007365677156485617,0.006909683346748352,0.0007816872675903141,0.7360708713531494,0.19389428198337555
597,1400.0,14,2000,0.0007045615348033607,0.005888713523745537,0.0006891572847962379,0.694897472858429,0.1874617040157318
598,900.0,10,1483,0.0007035820744931698,0.0053763012401759624,0.0006365081062540412,0.7103108763694763,0.1141728088259697
599,-100.0,0,43,0.0004613916971720755,0.010476217605173588,0.0007175551145337522,0.46711960434913635,0.7540673017501831
600,1400.0,14,2000,0.0007435776642523706,0.005735991522669792,0.0006432598456740379,0.7397352457046509,0.20381386578083038
601,1200.0,13,1915,0.0007018861942924559,0.006087957881391048,0.0005799781647510827,0.694496214389801,0.12326036393642426
602,300.0,4,619,0.0006103571504354477,0.004614436067640781,0.0005339906783774495,0.6023156046867371,0.17205001413822174
603,1400.0,14,2000,0.0007994490442797542,0.005439958535134792,0.0007223983411677182,0.801482617855072,0.2548047602176666
604,900.0,10,1483,0.0006793740903958678,0.004298303741961718,0.0005190950469113886,0.6796808242797852,0.13570734858512878
605,0.0,1,260,0.0007406100048683584,0.013041343539953232,0.0006009904900565743,0.7454274296760559,0.23831887543201447
606,-100.0,0,43,0.0004669052723329514,0.02254149504005909,0.0007412128034047782,0.46278610825538635,1.099809169769287
607,0.0,1,260,0.0005710721598006785,0.013408809900283813,0.0009357620729133487,0.573796808719635,0.5529056191444397
608,1400.0,14,2000,0.0007785474881529808,0.004516712389886379,0.0006442030426114798,0.782225489616394,0.1340153068304062
609,1400.0,14,2000,0.0007292592781595886,0.004540871363133192,0.0005541119026020169,0.7322685718536377,0.09778325259685516
610,1400.0,14,2000,0.0007518703932873905,0.004497312940657139,0.0006468539359048009,0.7503413558006287,0.0836242139339447
611,1400.0,14,2000,0.0006867324118502438,0.004411615431308746,0.0005438721855171025,0.6865395307540894,0.1468324065208435
612,-100.0,0,43,0.0010720515856519341,0.017228806391358376,0.0009662258671596646,1.0732132196426392,1.6831612586975098
613,100.0,2,404,0.0006134327850304544,0.008733715862035751,0.0007305649342015386,0.6132152080535889,0.3643845021724701
614,1400.0,14,2000,0.0007088513229973614,0.004274304490536451,0.0006511405808851123,0.7124197483062744,0.09952186048030853
615,1400.0,14,2000,0.0007371442043222487,0.0063804760575294495,0.0006585926748812199,0.7378460168838501,0.19272369146347046
616,-100.0,0,43,0.000438764167483896,0.010140471160411835,0.0006574763101525605,0.44474831223487854,0.5142402648925781
617,1400.0,14,2000,0.0008017353829927742,0.005156731233000755,0.0007564947591163218,0.8033151626586914,0.11694449931383133
618,900.0,10,1483,0.0006925656925886869,0.007153082173317671,0.0007273608935065567,0.6906826496124268,0.36671990156173706
619,0.0,1,260,0.0008524469449184835,0.010197182185947895,0.0007403172785416245,0.8565360307693481,0.5027608871459961
620,1400.0,14,2000,0.0008356454782187939,0.005575021728873253,0.0005642004543915391,0.8405992388725281,0.14816249907016754
621,1400.0,14,2000,0.0006988827371969819,0.005048646591603756,0.0005621123709715903,0.7011896967887878,0.10914536565542221
622,1400.0,14,2000,0.0008135535172186792,0.004817459732294083,0.0005875239148736,0.807863175868988,0.24338245391845703
623,1400.0,14,2000,0.0007847676752135158,0.0037792993243783712,0.0006065493216738105,0.7828874588012695,0.0692874863743782
624,1400.0,14,2000,0.0007034518639557064,0.003652080660685897,0.0005545866442844272,0.7065736055374146,0.1248244196176529
625,0.0,1,260,0.0007384487544186413,0.009447763673961163,0.0005751308053731918,0.7449914813041687,0.30283161997795105
626,1400.0,14,2000,0.0007850010297261178,0.004381917417049408,0.0005990175413899124,0.7794404029846191,0.10005442798137665
627,1400.0,14,2000,0.0008316618041135371,0.00608929805457592,0.0006310365279205143,0.8359867334365845,0.1540231555700302
628,200.0,3,475,0.0006866232142783701,0.00947626307606697,0.0006391546339727938,0.6806612610816956,0.3842305839061737
629,900.0,10,1556,0.0007721006404608488,0.006422501523047686,0.000574195699300617,0.7692990303039551,0.13239870965480804
630,1000.0,11,1627,0.0006036919075995684,0.004813178908079863,0.0006391539936885238,0.6015318036079407,0.23240479826927185
631,0.0,1,260,0.000781102804467082,0.008367803879082203,0.0007093513268046081,0.7769782543182373,0.4075853228569031
632,500.0,6,980,0.0006432675290852785,0.006061641965061426,0.0005708779790438712,0.6407085061073303,0.17970168590545654
633,200.0,3,548,0.0005157410632818937,0.010352801531553268,0.0007068298873491585,0.5256039500236511,0.24427510797977448
634,1400.0,14,2000,0.0007497080368921161,0.0053398790769279,0.0005741755594499409,0.748283326625824,0.13708901405334473
635,1400.0,14,2000,0.0007354604313150048,0.005369772203266621,0.0006939811282791197,0.7379363775253296,0.27369341254234314
636,500.0,6,980,0.0006366850575432181,0.008436787873506546,0.0007751642260700464,0.6491075158119202,0.24196656048297882
637,500.0,6,907,0.000690717133693397,0.005200093612074852,0.0005577002302743495,0.685565173625946,0.18267567455768585
638,1400.0,14,2000,0.0007920061470940709,0.00456629041582346,0.0006159170879982412,0.7915408611297607,0.0663393884897232
639,1400.0,14,2000,0.0007116563501767814,0.005468518938869238,0.0005994294187985361,0.7063593864440918,0.18707074224948883
640,1400.0,14,2000,0.000778846035245806,0.0054295724257826805,0.0007253394578583539,0.7729843258857727,0.15020884573459625
641,1400.0,14,2000,0.000677314936183393,0.005352172534912825,0.0006339831161312759,0.6915643811225891,0.17596952617168427
642,1400.0,14,2000,0.0006895621190778911,0.00661031249910593,0.0006536835571750998,0.6920883655548096,0.15921659767627716
643,1400.0,14,2000,0.0007274139206856489,0.00441911444067955,0.0007856538286432624,0.7218085527420044,0.13779139518737793
644,1400.0,14,2000,0.0007567047141492367,0.0047626011073589325,0.0006139458855614066,0.7606706619262695,0.15940028429031372
645,1400.0,14,2000,0.0006922443280927837,0.004836499225348234,0.00048136545228771865,0.6930362582206726,0.11643172055482864
646,0.0,1,260,0.0007495697354897857,0.011905156075954437,0.0007089208229444921,0.746803343296051,0.30741649866104126
647,1400.0,14,2000,0.0007053168956190348,0.004936893004924059,0.0006570272380486131,0.6964548230171204,0.18323162198066711
648,1400.0,14,2000,0.0007219680701382458,0.005237766541540623,0.0006065134657546878,0.7291075587272644,0.15028800070285797
649,1400.0,14,2000,0.0005728226969949901,0.0047012027353048325,0.0006587841780856252,0.573148787021637,0.16613134741783142
650,1400.0,14,2000,0.0005887040751986206,0.005750379059463739,0.0007550777518190444,0.5831389427185059,0.22102612257003784
651,1200.0,13,1915,0.0006251817103475332,0.005796798504889011,0.0007507769041694701,0.6185813546180725,0.16948913037776947
652,1400.0,14,2000,0.000601603533141315,0.005188077222555876,0.0005410235025919974,0.6017476916313171,0.18885105848312378
653,1400.0,14,2000,0.0007630973123013973,0.004063245374709368,0.00089140550699085,0.7538639307022095,0.23415842652320862
654,700.0,8,1268,0.0006503923796117306,0.004880492575466633,0.0005735218292102218,0.642946720123291,0.08605294674634933
655,400.0,5,836,0.0006207753904163837,0.008807872422039509,0.0007308600470423698,0.629622220993042,0.39463043212890625
656,-100.0,0,43,0.0009558146703056991,0.028461258858442307,0.0009111457038670778,0.937126874923706,2.978208065032959
657,300.0,4,619,0.0005731068085879087,0.010588006116449833,0.0007519912905991077,0.5736322402954102,0.32288938760757446
658,100.0,2,331,0.0005448490846902132,0.011888621374964714,0.0007532050949521363,0.541303277015686,0.30270087718963623
659,600.0,7,1051,0.000680849829223007,0.005536214914172888,0.0006377677200362086,0.6843581199645996,0.1787656545639038
660,600.0,7,1124,0.0007842667400836945,0.004945398773998022,0.0005336326430551708,0.7800261974334717,0.09022597223520279
661,1400.0,14,2000,0.0006666408153250813,0.004461537580937147,0.0005626080092042685,0.6683794260025024,0.1387818306684494
662,1400.0,14,2000,0.0007624261197634041,0.004419120494276285,0.0005896866205148399,0.7603986859321594,0.0675738975405693
663,200.0,3,475,0.0006210276624187827,0.009275007992982864,0.0005257115699350834,0.6257821321487427,0.11628194898366928
664,200.0,3,475,0.0006386875174939632,0.009044014848768711,0.0006155878072604537,0.6470149159431458,0.3423517942428589
665,1400.0,14,2000,0.0006967036752030253,0.00669338833540678,0.0007526887929998338,0.7014400362968445,0.39576461911201477
666,1100.0,12,1844,0.0006999444449320436,0.00549565814435482,0.0007323304889723659,0.6970402002334595,0.12540443241596222
667,400.0,5,836,0.0006246311240829527,0.005276707001030445,0.0004999778466299176,0.618768572807312,0.12988269329071045
668,700.0,8,1195,0.0006861986475996673,0.006989737506955862,0.0007449573022313416,0.686651349067688,0.14446797966957092
669,600.0,7,1051,0.0005870989407412708,0.007036801427602768,0.0006803472060710192,0.5908412337303162,0.12415711581707001
670,100.0,2,331,0.0007737560663372278,0.008835403248667717,0.000691782683134079,0.7774796485900879,0.4128098487854004
671,1400.0,14,2000,0.0007225109729915857,0.005962674506008625,0.0007617365918122232,0.7200048565864563,0.13887155055999756
672,700.0,8,1268,0.0006076627178117633,0.006042465101927519,0.0007100339862518013,0.5998640656471252,0.20438779890537262
673,400.0,5,836,0.0005954222287982702,0.006235838867723942,0.0004923241795040667,0.5908451080322266,0.16330190002918243
674,1400.0,14,2000,0.0007524533430114388,0.0043180519714951515,0.0006732236361131072,0.7508363723754883,0.13643771409988403
675,300.0,4,619,0.0009021382429637015,0.007843255065381527,0.0006975872674956918,0.893893301486969,0.2892797291278839
676,200.0,3,548,0.0010225120931863785,0.005697230342775583,0.0006578741013072431,1.0227891206741333,0.6917499899864197
677,0.0,1,260,0.0005724034272134304,0.007120516616851091,0.0006484067416749895,0.5749405026435852,0.3103296160697937
678,300.0,4,692,0.0009201833163388073,0.008150422014296055,0.0007219546241685748,0.9183171391487122,0.3404889404773712
679,100.0,2,404,0.0006117020966485143,0.009713063016533852,0.0008260748581960797,0.6169842481613159,0.4376198351383209
680,400.0,5,836,0.0006137697491794825,0.007256542798131704,0.0006788966129533947,0.6174153089523315,0.15082837641239166
681,1400.0,14,2000,0.0005966051830910146,0.003992920741438866,0.0006049259682185948,0.5941999554634094,0.067221999168396
682,100.0,2,404,0.000671431771479547,0.006514415610581636,0.0007556306663900614,0.6659420728683472,0.34815385937690735
683,100.0,2,331,0.0005276944721117616,0.008537000976502895,0.0006343088462017477,0.5265189409255981,0.1996479630470276
684,0.0,1,260,0.0007410603575408459,0.008865803480148315,0.0007098705973476171,0.7393367290496826,0.4381595551967621
685,0.0,1,187,0.0006174225127324462,0.010517111048102379,0.0007213969947770238,0.6131454706192017,0.3931296467781067
686,0.0,1,187,0.0006159900221973658,0.012114014476537704,0.0008094615186564624,0.6123145818710327,0.4351177513599396
687,0.0,1,260,0.0007194115314632654,0.0086408955976367,0.0008018264197744429,0.7232420444488525,0.34019747376441956
688,1400.0,14,2000,0.0007949590217322111,0.003915910609066486,0.0005870567401871085,0.788050651550293,0.1533443182706833
689,1400.0,14,2000,0.0007844013744033873,0.004063609521836042,0.000625683693215251,0.774329423904419,0.24272046983242035
690,0.0,1,187,0.0005992279038764536,0.011823001317679882,0.0009655291214585304,0.6082687973976135,0.9515571594238281
691,900.0,10,1483,0.0006846983451396227,0.006186965387314558,0.0007066733087413013,0.6801289319992065,0.24613556265830994
692,500.0,6,980,0.0006135448347777128,0.008220285177230835,0.0007543454994447529,0.6135584115982056,0.2926096022129059
693,400.0,5,836,0.0005499756662175059,0.006126546300947666,0.0006672854069620371,0.5420713424682617,0.356841504573822
694,500.0,6,907,0.0005917142261750996,0.006147150881588459,0.00070795021019876,0.5877891182899475,0.2359064817428589
695,1400.0,14,2000,0.0008001761161722243,0.003107355209067464,0.0005518169491551816,0.7941657900810242,0.11789601296186447
696,1400.0,14,2000,0.0007027367828413844,0.005316825117915869,0.0006405937019735575,0.7054182291030884,0.141911581158638
697,1400.0,14,2000,0.0006489694933407009,0.006293162703514099,0.0007176739163696766,0.6499224901199341,0.16325171291828156
698,0.0,1,260,0.0006933448603376746,0.0072259181179106236,0.000397564290324226,0.6950110197067261,0.3836733102798462
699,1400.0,14,2000,0.0007931019645184278,0.004341483116149902,0.0008785564568825066,0.7856348156929016,0.24130454659461975
700,0.0,1,260,0.0008508724858984351,0.012550820596516132,0.0008598963031545281,0.8495355844497681,0.5982402563095093
701,1400.0,14,2000,0.0007103314273990691,0.004912308417260647,0.000702040211763233,0.7120043039321899,0.1508246809244156
702,100.0,2,404,0.0005461850669234991,0.009487753733992577,0.0006330208270810544,0.5525436997413635,0.22375650703907013
703,100.0,2,404,0.0005397158092819154,0.007682313211262226,0.0006325019057840109,0.531093180179596,0.19609005749225616
704,500.0,6,980,0.0005600856384262443,0.004734688438475132,0.0007308198255486786,0.5527521967887878,0.15581506490707397
705,1400.0,14,2000,0.000534103368408978,0.00626514945179224,0.0007937540067359805,0.5376070737838745,0.3227253258228302
706,-100.0,0,116,0.0009833751246333122,0.01281092967838049,0.0006393665098585188,0.9754669070243835,0.7326025366783142
707,1400.0,14,2000,0.0007303045131266117,0.004271588288247585,0.0006250523147173226,0.7341323494911194,0.10224206000566483
708,1400.0,14,2000,0.000621888495516032,0.004918394610285759,0.0007033077417872846,0.6269122362136841,0.2611680328845978
709,200.0,3,475,0.0008195883128792048,0.0068387058563530445,0.0006997412419877946,0.8200466632843018,0.15758833289146423
710,1400.0,14,2000,0.0006705645937472582,0.004507437348365784,0.0006919644074514508,0.6682226657867432,0.09479746967554092
711,1400.0,14,2000,0.0007774692494422197,0.00265603419393301,0.00038019983912818134,0.7718226909637451,0.14465126395225525
712,1400.0,14,2000,0.0007705935859121382,0.003974194638431072,0.0006631120340898633,0.7700260877609253,0.09417620301246643
713,1400.0,14,2000,0.0007457233150489628,0.005206296220421791,0.0007108856807462871,0.7525586485862732,0.20448948442935944
714,1400.0,14,2000,0.0007787459180690348,0.004404567182064056,0.0007446163217537105,0.774078369140625,0.08563246577978134
715,-100.0,0,116,0.0005615167901851237,0.012259828858077526,0.0006699360674247146,0.5577697157859802,0.5859345197677612
716,300.0,4,692,0.0005677334265783429,0.006177528761327267,0.0004955553449690342,0.5708456039428711,0.19140885770320892
717,400.0,5,836,0.0005873918998986483,0.0057842908427119255,0.0007065254612825811,0.5920954346656799,0.205580472946167
718,500.0,6,980,0.0005757829640060663,0.005900398828089237,0.000525621697306633,0.5758031010627747,0.24310393631458282
719,300.0,4,692,0.0006084970664232969,0.007094591856002808,0.000814511498901993,0.6020622849464417,0.3460002839565277
720,1400.0,14,2000,0.0007303438032977283,0.006021108478307724,0.0007086301338858902,0.7348694801330566,0.1378420889377594
721,0.0,1,187,0.0005605587502941489,0.012544050812721252,0.0007229375769384205,0.5579949021339417,0.4492798149585724
722,500.0,6,907,0.000582233362365514,0.009437079541385174,0.0006390366470441222,0.5740512013435364,0.2920309901237488
723,900.0,10,1556,0.0006266869022510946,0.0039360118098556995,0.0005695281433872879,0.6288058161735535,0.08704247325658798
724,1400.0,14,2000,0.000744371791370213,0.003504860680550337,0.0004841467016376555,0.7400257587432861,0.07545500248670578
725,1400.0,14,2000,0.0006787616875953972,0.0038056743796914816,0.0005866682040505111,0.6779782772064209,0.10942444205284119
726,1400.0,14,2000,0.0006110367248766124,0.004995867609977722,0.0007009267574176192,0.621301531791687,0.12013889849185944
727,1400.0,14,2000,0.0006291840691119432,0.003843782003968954,0.0006166513776406646,0.6322327852249146,0.10119787603616714
728,1400.0,14,2000,0.0006686434498988092,0.005220391787588596,0.0007350016967393458,0.6798673272132874,0.16769778728485107
729,1400.0,14,2000,0.0006767506129108369,0.004569903016090393,0.0005064880824647844,0.6792235970497131,0.12409136444330215
730,100.0,2,404,0.0008261599577963352,0.010831613093614578,0.0005359178176149726,0.8220735788345337,0.6240546703338623
731,1400.0,14,2000,0.0006586469826288521,0.004510391037911177,0.0007221942069008946,0.6654426455497742,0.09153225272893906
732,0.0,1,260,0.0008637775899842381,0.013154935091733932,0.0007231987547129393,0.8587296009063721,0.4027080833911896
733,1400.0,14,2000,0.0006641033687628806,0.00431626383215189,0.0007224483997561038,0.6577783226966858,0.262180894613266
734,1400.0,14,2000,0.0006594267906621099,0.006456396076828241,0.0008154980023391545,0.6658356785774231,0.2554454803466797
735,1400.0,14,2000,0.0006646882393397391,0.004989946261048317,0.0006668530986644328,0.6680480241775513,0.08775284886360168
736,1400.0,14,2000,0.0007350045489147305,0.003962960094213486,0.0008540036506019533,0.739029049873352,0.10700013488531113
737,100.0,2,404,0.0005951618659310043,0.00983028206974268,0.0006205315003171563,0.5980233550071716,0.2268049716949463
738,200.0,3,475,0.0005073871579952538,0.008580212481319904,0.0007570494199171662,0.5013511180877686,0.2383812665939331
739,700.0,8,1268,0.0006696005002595484,0.006956867408007383,0.0007005298975855112,0.6694499254226685,0.2766941785812378
740,1400.0,14,2000,0.0006654717726632953,0.00571296364068985,0.0007342043099924922,0.6567842960357666,0.22361037135124207
741,1400.0,14,2000,0.00064131710678339,0.00396623695269227,0.0006102853803895414,0.6349466443061829,0.10869335383176804
742,500.0,6,980,0.0005409915465861559,0.006675717420876026,0.0005335720488801599,0.5377139449119568,0.20905904471874237
743,1400.0,14,2000,0.0006785070290789008,0.0035979936365038157,0.0005898895906284451,0.6763499975204468,0.09152546525001526
744,1100.0,12,1844,0.0005731679848395288,0.004975461401045322,0.0005452166078612208,0.5689400434494019,0.11076637357473373
745,1400.0,14,2000,0.0006157027091830969,0.005683178547769785,0.0006623983499594033,0.6179335117340088,0.17828316986560822
746,1400.0,14,2000,0.000699514988809824,0.0052946689538657665,0.0008601200534030795,0.6868654489517212,0.3052515387535095
747,1400.0,14,2000,0.0006204003002494574,0.0044698091223835945,0.00046330573968589306,0.6239428520202637,0.08722548186779022
748,1400.0,14,2000,0.0006856856634840369,0.00441086245700717,0.000694821763318032,0.686369776725769,0.14204810559749603
749,1400.0,14,2000,0.000680315017234534,0.0033112214878201485,0.0005682139308191836,0.6863052845001221,0.10069162398576736
750,1400.0,14,2000,0.0006746589206159115,0.004322680179029703,0.0006782451528124511,0.6678908467292786,0.20420174300670624
751,1400.0,14,2000,0.0005705505609512329,0.004891677293926477,0.0006481640157289803,0.570427417755127,0.2735292315483093
752,100.0,2,404,0.0006177212344482541,0.009165656752884388,0.0004981990205124021,0.6178456544876099,0.3166749179363251
753,400.0,5,763,0.000591237039770931,0.007867153733968735,0.0007792659453116357,0.598625123500824,0.1889999955892563
754,400.0,5,763,0.0005594964022748172,0.00805309321731329,0.0005406879354268312,0.5550716519355774,0.2647209167480469
755,1400.0,14,2000,0.0006847028853371739,0.003026386722922325,0.0005918228416703641,0.6893973350524902,0.13152746856212616
756,0.0,1,260,0.0006259139627218246,0.008793494664132595,0.0006358306854963303,0.6303357481956482,0.2658595144748688
757,400.0,5,763,0.0005916040972806513,0.00878184661269188,0.0004963228711858392,0.5936887264251709,0.31396225094795227
758,1400.0,14,2000,0.0006684982217848301,0.00599983986467123,0.0008395204786211252,0.6720104217529297,0.2087273895740509
759,0.0,1,260,0.0006447226624004543,0.007737568113952875,0.0006107519729994237,0.6425809264183044,0.46283161640167236
760,900.0,10,1556,0.000639930774923414,0.005481138825416565,0.0006443171878345311,0.6411750912666321,0.16766183078289032
761,0.0,1,187,0.0005961183924227953,0.009604055434465408,0.0005974179948680103,0.6034650206565857,0.40874049067497253
762,0.0,1,260,0.0006577245076186955,0.007014173083007336,0.0004924365202896297,0.6548363566398621,0.3257126212120056
763,200.0,3,475,0.0004864094953518361,0.008366279304027557,0.0006990779074840248,0.48134148120880127,0.19408856332302094
764,100.0,2,404,0.0006068659713491797,0.008171586319804192,0.0007049697451293468,0.610184907913208,0.3585984706878662
765,500.0,6,980,0.0005784800159744918,0.00532541424036026,0.00048384862020611763,0.5761286616325378,0.16774658858776093
766,100.0,2,404,0.0005833526374772191,0.008251074701547623,0.000680711877066642,0.576812744140625,0.24877510964870453
767,400.0,5,763,0.0005717301974073052,0.008997476659715176,0.0007257635006681085,0.5648627877235413,0.25312715768814087
768,700.0,8,1195,0.0005459837848320603,0.005380584392696619,0.0006017594714649022,0.5503524541854858,0.16915905475616455
769,100.0,2,404,0.0005849637091159821,0.00877746194601059,0.0006771203479729593,0.5886216759681702,0.309692919254303
770,600.0,7,1051,0.0009519620798528194,0.008492019958794117,0.0008224733755923808,0.9475628733634949,0.3828784227371216
771,1400.0,14,2000,0.0005828693974763155,0.0037657299544662237,0.000682742684148252,0.5817690491676331,0.18609988689422607
772,300.0,4,692,0.0009096476132981479,0.006327095441520214,0.0004821774491574615,0.907893717288971,0.08019948750734329
773,0.0,1,260,0.0006678299978375435,0.009369375184178352,0.0007640160038135946,0.6734396815299988,0.3476080298423767
774,1400.0,14,2000,0.0006488872459158301,0.0038244458846747875,0.0008629040676169097,0.6407123804092407,0.14721748232841492
775,100.0,2,404,0.0005421895766630769,0.00817691721022129,0.0007741925655864179,0.5400293469429016,0.3384433388710022
776,500.0,6,980,0.0005369076388888061,0.0050366707146167755,0.0005919156246818602,0.5342328548431396,0.15590208768844604
777,1400.0,14,2000,0.0005722854402847588,0.004765949212014675,0.0006225448451004922,0.5649712085723877,0.21786750853061676
778,1400.0,14,2000,0.00056873430730775,0.006036278326064348,0.0007185032009147108,0.5715441703796387,0.3629920184612274
779,1400.0,14,2000,0.0005925409495830536,0.005465205293148756,0.0009203709196299314,0.5986853241920471,0.12754249572753906
780,1400.0,14,2000,0.000598583254031837,0.003992964513599873,0.0007818586309440434,0.5982563495635986,0.13982748985290527
781,300.0,4,692,0.0007361851166933775,0.008607223629951477,0.0007357117719948292,0.7439440488815308,0.3297038674354553
782,1400.0,14,2000,0.000651367474347353,0.0058626290410757065,0.0007696995162405074,0.6577394008636475,0.28562262654304504
783,100.0,2,331,0.0008090437040664256,0.009418535977602005,0.0006446798797696829,0.8025363087654114,0.34149256348609924
784,-100.0,0,43,0.0008979286067187786,0.00974968820810318,0.0009243226959370077,0.9123842120170593,1.7422189712524414
785,500.0,6,907,0.0007617359515279531,0.00822844635695219,0.0007049419218674302,0.7615221738815308,0.11952821165323257
786,1400.0,14,2000,0.0005611975211650133,0.004896841011941433,0.0006284250412136316,0.5665749311447144,0.1709655225276947
787,1400.0,14,2000,0.0005199774168431759,0.004468461498618126,0.0005968413315713406,0.5194467902183533,0.15038220584392548
788,800.0,9,1412,0.0005997621919959784,0.008418458513915539,0.0007138295331969857,0.5911037921905518,0.3718559145927429
789,100.0,2,331,0.0007344124023802578,0.008519605733454227,0.000667431449983269,0.7344882488250732,0.31113848090171814
790,-100.0,0,116,0.0009213303565047681,0.01663258671760559,0.0007499061175622046,0.9311001300811768,1.293582558631897
791,1100.0,12,1844,0.0006129210814833641,0.004355419892817736,0.0006071795360185206,0.6152633428573608,0.09666264057159424
792,-100.0,0,43,0.0009093874250538647,0.008587291464209557,0.0005898488452658057,0.9136436581611633,0.7970364093780518
793,700.0,8,1195,0.0006648250855505466,0.008454102091491222,0.0008261911571025848,0.6653640270233154,0.4942958652973175
794,400.0,5,763,0.0005632719257846475,0.009501578286290169,0.0007857719901949167,0.5592584013938904,0.3119642734527588
795,1400.0,14,2000,0.000565192720387131,0.005862852558493614,0.0007207439048215747,0.5609061121940613,0.2261992245912552
796,100.0,2,331,0.0007871415582485497,0.009720373898744583,0.000635214732028544,0.7964856624603271,0.4029432535171509
797,1400.0,14,2000,0.000602960994001478,0.004366457927972078,0.0007433134596794844,0.6048946976661682,0.23257037997245789
798,1400.0,14,2000,0.0006334615754894912,0.005713480990380049,0.0006910100928507745,0.6357769966125488,0.15991975367069244
799,1400.0,14,2000,0.0007413735147565603,0.005797141697257757,0.0007860834011808038,0.7292565703392029,0.30212682485580444
800,1400.0,14,2000,0.0006377108511514962,0.005747906863689423,0.0006770010222680867,0.6446383595466614,0.2255982905626297
801,1400.0,14,2000,0.0005798699567094445,0.0035933670587837696,0.0004938129568472505,0.5734658241271973,0.08276619762182236
802,1400.0,14,2000,0.000533210055436939,0.004667388275265694,0.0005764418747276068,0.5343695878982544,0.13335037231445312
803,1400.0,14,2000,0.0006449438515119255,0.005526835564523935,0.0007218157988972962,0.6564789414405823,0.27293121814727783
804,-100.0,0,116,0.0008915212820284069,0.010097021237015724,0.00048596630222164094,0.8975926637649536,1.228442907333374
805,400.0,5,836,0.0005869479500688612,0.00774471927434206,0.0007409822428599,0.5897329449653625,0.13927190005779266
806,800.0,9,1339,0.0006320623797364533,0.0069815972819924355,0.0006538156303577125,0.6404907703399658,0.16831423342227936
807,1400.0,14,2000,0.0006802407442592084,0.0046125128865242004,0.0005302986828610301,0.6831845045089722,0.1512947678565979
808,1400.0,14,2000,0.0005879141390323639,0.006353884004056454,0.0007205538568086922,0.5931286811828613,0.27773675322532654
809,-100.0,0,43,0.00089054717682302,0.01885121315717697,0.0007254572119563818,0.8827607035636902,1.1045299768447876
810,1400.0,14,2000,0.0006770664476789534,0.006170136388391256,0.0006756999064236879,0.6719236969947815,0.15327997505664825
811,1400.0,14,2000,0.0005757614271715283,0.006030570715665817,0.0006576429586857557,0.578782856464386,0.24403290450572968
812,1400.0,14,2000,0.0006588188116438687,0.005907462444156408,0.0008029532036744058,0.6576618552207947,0.2563362121582031
813,1400.0,14,2000,0.0006471849628724158,0.0047216108068823814,0.0006359388353303075,0.6534088253974915,0.1138572171330452
814,-100.0,0,43,0.0008601543377153575,0.010136446915566921,0.000752930820453912,0.8502872586250305,1.4231752157211304
815,1400.0,14,2000,0.0005368958809413016,0.005361765623092651,0.0007234419463202357,0.5394068956375122,0.25632381439208984
816,1400.0,14,2000,0.0006191756692714989,0.005560693796724081,0.0007085317047312856,0.6268685460090637,0.14726725220680237
817,1400.0,14,2000,0.0005954697262495756,0.0061059980653226376,0.0007607635925523937,0.6015557050704956,0.20358455181121826
818,1400.0,14,2000,0.0006146152154542506,0.0050263660959899426,0.0006419643177650869,0.611668586730957,0.16740620136260986
819,100.0,2,404,0.0008001580135896802,0.009236082434654236,0.0005308513646014035,0.7998722791671753,0.6792116761207581
820,1400.0,14,2000,0.0005586298066191375,0.00355390552431345,0.0005891184555366635,0.5588208436965942,0.05925378203392029
821,1400.0,14,2000,0.0005673116538673639,0.005096702836453915,0.0005512463394552469,0.5583505630493164,0.15903300046920776
822,1400.0,14,2000,0.0006160023622214794,0.006046175956726074,0.0006145010702311993,0.6114870309829712,0.24794901907444
823,1400.0,14,2000,0.0005516682867892087,0.00429886020720005,0.0005931280902586877,0.5613223910331726,0.09269218146800995
824,400.0,5,836,0.0007383687188848853,0.005956638138741255,0.0005591730587184429,0.7372439503669739,0.17447815835475922
825,1400.0,14,2000,0.000619651225861162,0.004986857064068317,0.0006609669071622193,0.6191285848617554,0.2327340692281723
826,1400.0,14,2000,0.0005804184474982321,0.004517320543527603,0.0005842737155035138,0.5793627500534058,0.16820213198661804
827,1400.0,14,2000,0.0006216146284714341,0.005463266745209694,0.000768814526963979,0.6140188574790955,0.26386767625808716
828,1400.0,14,2000,0.0005476005608215928,0.003643762320280075,0.0005820889491587877,0.5386701226234436,0.0892157033085823
829,1400.0,14,2000,0.0006048990762792528,0.003833270398899913,0.000770425540395081,0.5918309688568115,0.1904948353767395
830,1400.0,14,2000,0.0005947466706857085,0.005117136053740978,0.0007015049341134727,0.5995200276374817,0.12740907073020935
831,1400.0,14,2000,0.0006619024788960814,0.0050160386599600315,0.0007300226716324687,0.6586806178092957,0.28127458691596985
832,0.0,1,260,0.0006963575724512339,0.012791333720088005,0.0009365843143314123,0.6986505389213562,0.3404674828052521
833,1400.0,14,2000,0.0005380951333791018,0.004532093647867441,0.0006645321263931692,0.5423935055732727,0.14413802325725555
834,1400.0,14,2000,0.0005828079883940518,0.003718461375683546,0.0007097898051142693,0.5955437421798706,0.09355105459690094
835,1400.0,14,2000,0.0005875889328308403,0.005193814635276794,0.0007144533446989954,0.5825774073600769,0.15880170464515686
836,1400.0,14,2000,0.0006577097228728235,0.004913325887173414,0.0006915227859281003,0.6516771912574768,0.14448995888233185
837,0.0,1,260,0.0006265200208872557,0.012487063184380531,0.0008145648171193898,0.6220835447311401,0.8582342267036438
838,1400.0,14,2000,0.0005572353838942945,0.004170191008597612,0.0005955796805210412,0.5512872934341431,0.10119148343801498
839,1400.0,14,2000,0.0005972242215648293,0.0046106609515845776,0.0005298780743032694,0.5986264944076538,0.06739619374275208
840,1400.0,14,2000,0.0005577774136327207,0.005128136835992336,0.0006919042207300663,0.5664028525352478,0.14910168945789337
841,1400.0,14,2000,0.0006202878430485725,0.005441289395093918,0.0007594014168716967,0.6257374882698059,0.15251976251602173
842,400.0,4,568,0.0007116343476809561,0.0047700051218271255,0.0005904674180783331,0.7111132740974426,0.28965896368026733
